--
-- PostgreSQL database dump
--

-- Dumped from database version 10.1
-- Dumped by pg_dump version 10.1

SET statement_timeout = 0;
SET lock_timeout = 0;
SET idle_in_transaction_session_timeout = 0;
SET client_encoding = 'UTF8';
SET standard_conforming_strings = on;
SET check_function_bodies = false;
SET client_min_messages = warning;
SET row_security = off;

--
-- Name: plpgsql; Type: EXTENSION; Schema: -; Owner: 
--

CREATE EXTENSION IF NOT EXISTS plpgsql WITH SCHEMA pg_catalog;


--
-- Name: EXTENSION plpgsql; Type: COMMENT; Schema: -; Owner: 
--

COMMENT ON EXTENSION plpgsql IS 'PL/pgSQL procedural language';


SET search_path = public, pg_catalog;

SET default_tablespace = '';

SET default_with_oids = false;

--
-- Name: accounts_diventiavatar; Type: TABLE; Schema: public; Owner: flavio
--

CREATE TABLE accounts_diventiavatar (
    id integer NOT NULL,
    image character varying(200) NOT NULL,
    label character varying(50) NOT NULL,
    staff_only boolean NOT NULL
);


ALTER TABLE accounts_diventiavatar OWNER TO flavio;

--
-- Name: accounts_diventiavatar_id_seq; Type: SEQUENCE; Schema: public; Owner: flavio
--

CREATE SEQUENCE accounts_diventiavatar_id_seq
    AS integer
    START WITH 1
    INCREMENT BY 1
    NO MINVALUE
    NO MAXVALUE
    CACHE 1;


ALTER TABLE accounts_diventiavatar_id_seq OWNER TO flavio;

--
-- Name: accounts_diventiavatar_id_seq; Type: SEQUENCE OWNED BY; Schema: public; Owner: flavio
--

ALTER SEQUENCE accounts_diventiavatar_id_seq OWNED BY accounts_diventiavatar.id;


--
-- Name: accounts_diventicover; Type: TABLE; Schema: public; Owner: flavio
--

CREATE TABLE accounts_diventicover (
    id integer NOT NULL,
    image character varying(200) NOT NULL,
    label character varying(50) NOT NULL
);


ALTER TABLE accounts_diventicover OWNER TO flavio;

--
-- Name: accounts_diventicover_id_seq; Type: SEQUENCE; Schema: public; Owner: flavio
--

CREATE SEQUENCE accounts_diventicover_id_seq
    AS integer
    START WITH 1
    INCREMENT BY 1
    NO MINVALUE
    NO MAXVALUE
    CACHE 1;


ALTER TABLE accounts_diventicover_id_seq OWNER TO flavio;

--
-- Name: accounts_diventicover_id_seq; Type: SEQUENCE OWNED BY; Schema: public; Owner: flavio
--

ALTER SEQUENCE accounts_diventicover_id_seq OWNED BY accounts_diventicover.id;


--
-- Name: accounts_diventiuser; Type: TABLE; Schema: public; Owner: flavio
--

CREATE TABLE accounts_diventiuser (
    id integer NOT NULL,
    password character varying(128) NOT NULL,
    last_login timestamp with time zone,
    is_superuser boolean NOT NULL,
    username character varying(150) NOT NULL,
    first_name character varying(30) NOT NULL,
    last_name character varying(30) NOT NULL,
    is_staff boolean NOT NULL,
    is_active boolean NOT NULL,
    date_joined timestamp with time zone NOT NULL,
    email character varying(254) NOT NULL,
    profilepic character varying(100) NOT NULL,
    bio text NOT NULL,
    role character varying(70) NOT NULL,
    avatar_id integer,
    cover_id integer
);


ALTER TABLE accounts_diventiuser OWNER TO flavio;

--
-- Name: accounts_diventiuser_groups; Type: TABLE; Schema: public; Owner: flavio
--

CREATE TABLE accounts_diventiuser_groups (
    id integer NOT NULL,
    diventiuser_id integer NOT NULL,
    group_id integer NOT NULL
);


ALTER TABLE accounts_diventiuser_groups OWNER TO flavio;

--
-- Name: accounts_diventiuser_groups_id_seq; Type: SEQUENCE; Schema: public; Owner: flavio
--

CREATE SEQUENCE accounts_diventiuser_groups_id_seq
    AS integer
    START WITH 1
    INCREMENT BY 1
    NO MINVALUE
    NO MAXVALUE
    CACHE 1;


ALTER TABLE accounts_diventiuser_groups_id_seq OWNER TO flavio;

--
-- Name: accounts_diventiuser_groups_id_seq; Type: SEQUENCE OWNED BY; Schema: public; Owner: flavio
--

ALTER SEQUENCE accounts_diventiuser_groups_id_seq OWNED BY accounts_diventiuser_groups.id;


--
-- Name: accounts_diventiuser_id_seq; Type: SEQUENCE; Schema: public; Owner: flavio
--

CREATE SEQUENCE accounts_diventiuser_id_seq
    AS integer
    START WITH 1
    INCREMENT BY 1
    NO MINVALUE
    NO MAXVALUE
    CACHE 1;


ALTER TABLE accounts_diventiuser_id_seq OWNER TO flavio;

--
-- Name: accounts_diventiuser_id_seq; Type: SEQUENCE OWNED BY; Schema: public; Owner: flavio
--

ALTER SEQUENCE accounts_diventiuser_id_seq OWNED BY accounts_diventiuser.id;


--
-- Name: accounts_diventiuser_user_permissions; Type: TABLE; Schema: public; Owner: flavio
--

CREATE TABLE accounts_diventiuser_user_permissions (
    id integer NOT NULL,
    diventiuser_id integer NOT NULL,
    permission_id integer NOT NULL
);


ALTER TABLE accounts_diventiuser_user_permissions OWNER TO flavio;

--
-- Name: accounts_diventiuser_user_permissions_id_seq; Type: SEQUENCE; Schema: public; Owner: flavio
--

CREATE SEQUENCE accounts_diventiuser_user_permissions_id_seq
    AS integer
    START WITH 1
    INCREMENT BY 1
    NO MINVALUE
    NO MAXVALUE
    CACHE 1;


ALTER TABLE accounts_diventiuser_user_permissions_id_seq OWNER TO flavio;

--
-- Name: accounts_diventiuser_user_permissions_id_seq; Type: SEQUENCE OWNED BY; Schema: public; Owner: flavio
--

ALTER SEQUENCE accounts_diventiuser_user_permissions_id_seq OWNED BY accounts_diventiuser_user_permissions.id;


--
-- Name: auth_group; Type: TABLE; Schema: public; Owner: flavio
--

CREATE TABLE auth_group (
    id integer NOT NULL,
    name character varying(80) NOT NULL
);


ALTER TABLE auth_group OWNER TO flavio;

--
-- Name: auth_group_id_seq; Type: SEQUENCE; Schema: public; Owner: flavio
--

CREATE SEQUENCE auth_group_id_seq
    AS integer
    START WITH 1
    INCREMENT BY 1
    NO MINVALUE
    NO MAXVALUE
    CACHE 1;


ALTER TABLE auth_group_id_seq OWNER TO flavio;

--
-- Name: auth_group_id_seq; Type: SEQUENCE OWNED BY; Schema: public; Owner: flavio
--

ALTER SEQUENCE auth_group_id_seq OWNED BY auth_group.id;


--
-- Name: auth_group_permissions; Type: TABLE; Schema: public; Owner: flavio
--

CREATE TABLE auth_group_permissions (
    id integer NOT NULL,
    group_id integer NOT NULL,
    permission_id integer NOT NULL
);


ALTER TABLE auth_group_permissions OWNER TO flavio;

--
-- Name: auth_group_permissions_id_seq; Type: SEQUENCE; Schema: public; Owner: flavio
--

CREATE SEQUENCE auth_group_permissions_id_seq
    AS integer
    START WITH 1
    INCREMENT BY 1
    NO MINVALUE
    NO MAXVALUE
    CACHE 1;


ALTER TABLE auth_group_permissions_id_seq OWNER TO flavio;

--
-- Name: auth_group_permissions_id_seq; Type: SEQUENCE OWNED BY; Schema: public; Owner: flavio
--

ALTER SEQUENCE auth_group_permissions_id_seq OWNED BY auth_group_permissions.id;


--
-- Name: auth_permission; Type: TABLE; Schema: public; Owner: flavio
--

CREATE TABLE auth_permission (
    id integer NOT NULL,
    name character varying(255) NOT NULL,
    content_type_id integer NOT NULL,
    codename character varying(100) NOT NULL
);


ALTER TABLE auth_permission OWNER TO flavio;

--
-- Name: auth_permission_id_seq; Type: SEQUENCE; Schema: public; Owner: flavio
--

CREATE SEQUENCE auth_permission_id_seq
    AS integer
    START WITH 1
    INCREMENT BY 1
    NO MINVALUE
    NO MAXVALUE
    CACHE 1;


ALTER TABLE auth_permission_id_seq OWNER TO flavio;

--
-- Name: auth_permission_id_seq; Type: SEQUENCE OWNED BY; Schema: public; Owner: flavio
--

ALTER SEQUENCE auth_permission_id_seq OWNED BY auth_permission.id;


--
-- Name: blog_article; Type: TABLE; Schema: public; Owner: flavio
--

CREATE TABLE blog_article (
    publishablemodel_ptr_id integer NOT NULL,
    created timestamp with time zone NOT NULL,
    modified timestamp with time zone NOT NULL,
    title character varying(60) NOT NULL,
    description text NOT NULL,
    image character varying(100) NOT NULL,
    caption character varying(60) NOT NULL,
    content text NOT NULL,
    hot boolean NOT NULL,
    slug character varying(50) NOT NULL,
    author_id integer NOT NULL,
    category_id integer NOT NULL
);


ALTER TABLE blog_article OWNER TO flavio;

--
-- Name: blog_article_promotions; Type: TABLE; Schema: public; Owner: flavio
--

CREATE TABLE blog_article_promotions (
    id integer NOT NULL,
    article_id integer NOT NULL,
    diventiuser_id integer NOT NULL
);


ALTER TABLE blog_article_promotions OWNER TO flavio;

--
-- Name: blog_article_promotions_id_seq; Type: SEQUENCE; Schema: public; Owner: flavio
--

CREATE SEQUENCE blog_article_promotions_id_seq
    AS integer
    START WITH 1
    INCREMENT BY 1
    NO MINVALUE
    NO MAXVALUE
    CACHE 1;


ALTER TABLE blog_article_promotions_id_seq OWNER TO flavio;

--
-- Name: blog_article_promotions_id_seq; Type: SEQUENCE OWNED BY; Schema: public; Owner: flavio
--

ALTER SEQUENCE blog_article_promotions_id_seq OWNED BY blog_article_promotions.id;


--
-- Name: blog_category; Type: TABLE; Schema: public; Owner: flavio
--

CREATE TABLE blog_category (
    id integer NOT NULL,
    title character varying(60) NOT NULL
);


ALTER TABLE blog_category OWNER TO flavio;

--
-- Name: blog_category_id_seq; Type: SEQUENCE; Schema: public; Owner: flavio
--

CREATE SEQUENCE blog_category_id_seq
    AS integer
    START WITH 1
    INCREMENT BY 1
    NO MINVALUE
    NO MAXVALUE
    CACHE 1;


ALTER TABLE blog_category_id_seq OWNER TO flavio;

--
-- Name: blog_category_id_seq; Type: SEQUENCE OWNED BY; Schema: public; Owner: flavio
--

ALTER SEQUENCE blog_category_id_seq OWNED BY blog_category.id;


--
-- Name: comments_diventicomment; Type: TABLE; Schema: public; Owner: flavio
--

CREATE TABLE comments_diventicomment (
    id integer NOT NULL,
    object_pk text NOT NULL,
    user_name character varying(50) NOT NULL,
    user_email character varying(254) NOT NULL,
    user_url character varying(200) NOT NULL,
    comment text NOT NULL,
    submit_date timestamp with time zone NOT NULL,
    ip_address inet,
    is_public boolean NOT NULL,
    is_removed boolean NOT NULL,
    content_type_id integer NOT NULL,
    site_id integer NOT NULL,
    user_id integer,
    parent_id integer,
    level integer NOT NULL,
    lft integer NOT NULL,
    rght integer NOT NULL,
    tree_id integer NOT NULL,
    CONSTRAINT comments_diventicomment_level_check CHECK ((level >= 0)),
    CONSTRAINT comments_diventicomment_lft_check CHECK ((lft >= 0)),
    CONSTRAINT comments_diventicomment_rght_check CHECK ((rght >= 0)),
    CONSTRAINT comments_diventicomment_tree_id_check CHECK ((tree_id >= 0))
);


ALTER TABLE comments_diventicomment OWNER TO flavio;

--
-- Name: comments_diventicomment_id_seq; Type: SEQUENCE; Schema: public; Owner: flavio
--

CREATE SEQUENCE comments_diventicomment_id_seq
    AS integer
    START WITH 1
    INCREMENT BY 1
    NO MINVALUE
    NO MAXVALUE
    CACHE 1;


ALTER TABLE comments_diventicomment_id_seq OWNER TO flavio;

--
-- Name: comments_diventicomment_id_seq; Type: SEQUENCE OWNED BY; Schema: public; Owner: flavio
--

ALTER SEQUENCE comments_diventicomment_id_seq OWNED BY comments_diventicomment.id;


--
-- Name: comments_diventicomment_promotions; Type: TABLE; Schema: public; Owner: flavio
--

CREATE TABLE comments_diventicomment_promotions (
    id integer NOT NULL,
    diventicomment_id integer NOT NULL,
    diventiuser_id integer NOT NULL
);


ALTER TABLE comments_diventicomment_promotions OWNER TO flavio;

--
-- Name: comments_diventicomment_promotions_id_seq; Type: SEQUENCE; Schema: public; Owner: flavio
--

CREATE SEQUENCE comments_diventicomment_promotions_id_seq
    AS integer
    START WITH 1
    INCREMENT BY 1
    NO MINVALUE
    NO MAXVALUE
    CACHE 1;


ALTER TABLE comments_diventicomment_promotions_id_seq OWNER TO flavio;

--
-- Name: comments_diventicomment_promotions_id_seq; Type: SEQUENCE OWNED BY; Schema: public; Owner: flavio
--

ALTER SEQUENCE comments_diventicomment_promotions_id_seq OWNED BY comments_diventicomment_promotions.id;


--
-- Name: core_publishablemodel; Type: TABLE; Schema: public; Owner: flavio
--

CREATE TABLE core_publishablemodel (
    id integer NOT NULL,
    published boolean NOT NULL,
    publication_date timestamp with time zone
);


ALTER TABLE core_publishablemodel OWNER TO flavio;

--
-- Name: core_publishablemodel_id_seq; Type: SEQUENCE; Schema: public; Owner: flavio
--

CREATE SEQUENCE core_publishablemodel_id_seq
    AS integer
    START WITH 1
    INCREMENT BY 1
    NO MINVALUE
    NO MAXVALUE
    CACHE 1;


ALTER TABLE core_publishablemodel_id_seq OWNER TO flavio;

--
-- Name: core_publishablemodel_id_seq; Type: SEQUENCE OWNED BY; Schema: public; Owner: flavio
--

ALTER SEQUENCE core_publishablemodel_id_seq OWNED BY core_publishablemodel.id;


--
-- Name: django_admin_log; Type: TABLE; Schema: public; Owner: flavio
--

CREATE TABLE django_admin_log (
    id integer NOT NULL,
    action_time timestamp with time zone NOT NULL,
    object_id text,
    object_repr character varying(200) NOT NULL,
    action_flag smallint NOT NULL,
    change_message text NOT NULL,
    content_type_id integer,
    user_id integer NOT NULL,
    CONSTRAINT django_admin_log_action_flag_check CHECK ((action_flag >= 0))
);


ALTER TABLE django_admin_log OWNER TO flavio;

--
-- Name: django_admin_log_id_seq; Type: SEQUENCE; Schema: public; Owner: flavio
--

CREATE SEQUENCE django_admin_log_id_seq
    AS integer
    START WITH 1
    INCREMENT BY 1
    NO MINVALUE
    NO MAXVALUE
    CACHE 1;


ALTER TABLE django_admin_log_id_seq OWNER TO flavio;

--
-- Name: django_admin_log_id_seq; Type: SEQUENCE OWNED BY; Schema: public; Owner: flavio
--

ALTER SEQUENCE django_admin_log_id_seq OWNED BY django_admin_log.id;


--
-- Name: django_comment_flags; Type: TABLE; Schema: public; Owner: flavio
--

CREATE TABLE django_comment_flags (
    id integer NOT NULL,
    flag character varying(30) NOT NULL,
    flag_date timestamp with time zone NOT NULL,
    comment_id integer NOT NULL,
    user_id integer NOT NULL
);


ALTER TABLE django_comment_flags OWNER TO flavio;

--
-- Name: django_comment_flags_id_seq; Type: SEQUENCE; Schema: public; Owner: flavio
--

CREATE SEQUENCE django_comment_flags_id_seq
    AS integer
    START WITH 1
    INCREMENT BY 1
    NO MINVALUE
    NO MAXVALUE
    CACHE 1;


ALTER TABLE django_comment_flags_id_seq OWNER TO flavio;

--
-- Name: django_comment_flags_id_seq; Type: SEQUENCE OWNED BY; Schema: public; Owner: flavio
--

ALTER SEQUENCE django_comment_flags_id_seq OWNED BY django_comment_flags.id;


--
-- Name: django_comments; Type: TABLE; Schema: public; Owner: flavio
--

CREATE TABLE django_comments (
    id integer NOT NULL,
    object_pk text NOT NULL,
    user_name character varying(50) NOT NULL,
    user_email character varying(254) NOT NULL,
    user_url character varying(200) NOT NULL,
    comment text NOT NULL,
    submit_date timestamp with time zone NOT NULL,
    ip_address inet,
    is_public boolean NOT NULL,
    is_removed boolean NOT NULL,
    content_type_id integer NOT NULL,
    site_id integer NOT NULL,
    user_id integer
);


ALTER TABLE django_comments OWNER TO flavio;

--
-- Name: django_comments_id_seq; Type: SEQUENCE; Schema: public; Owner: flavio
--

CREATE SEQUENCE django_comments_id_seq
    AS integer
    START WITH 1
    INCREMENT BY 1
    NO MINVALUE
    NO MAXVALUE
    CACHE 1;


ALTER TABLE django_comments_id_seq OWNER TO flavio;

--
-- Name: django_comments_id_seq; Type: SEQUENCE OWNED BY; Schema: public; Owner: flavio
--

ALTER SEQUENCE django_comments_id_seq OWNED BY django_comments.id;


--
-- Name: django_content_type; Type: TABLE; Schema: public; Owner: flavio
--

CREATE TABLE django_content_type (
    id integer NOT NULL,
    app_label character varying(100) NOT NULL,
    model character varying(100) NOT NULL
);


ALTER TABLE django_content_type OWNER TO flavio;

--
-- Name: django_content_type_id_seq; Type: SEQUENCE; Schema: public; Owner: flavio
--

CREATE SEQUENCE django_content_type_id_seq
    AS integer
    START WITH 1
    INCREMENT BY 1
    NO MINVALUE
    NO MAXVALUE
    CACHE 1;


ALTER TABLE django_content_type_id_seq OWNER TO flavio;

--
-- Name: django_content_type_id_seq; Type: SEQUENCE OWNED BY; Schema: public; Owner: flavio
--

ALTER SEQUENCE django_content_type_id_seq OWNED BY django_content_type.id;


--
-- Name: django_migrations; Type: TABLE; Schema: public; Owner: flavio
--

CREATE TABLE django_migrations (
    id integer NOT NULL,
    app character varying(255) NOT NULL,
    name character varying(255) NOT NULL,
    applied timestamp with time zone NOT NULL
);


ALTER TABLE django_migrations OWNER TO flavio;

--
-- Name: django_migrations_id_seq; Type: SEQUENCE; Schema: public; Owner: flavio
--

CREATE SEQUENCE django_migrations_id_seq
    AS integer
    START WITH 1
    INCREMENT BY 1
    NO MINVALUE
    NO MAXVALUE
    CACHE 1;


ALTER TABLE django_migrations_id_seq OWNER TO flavio;

--
-- Name: django_migrations_id_seq; Type: SEQUENCE OWNED BY; Schema: public; Owner: flavio
--

ALTER SEQUENCE django_migrations_id_seq OWNED BY django_migrations.id;


--
-- Name: django_session; Type: TABLE; Schema: public; Owner: flavio
--

CREATE TABLE django_session (
    session_key character varying(40) NOT NULL,
    session_data text NOT NULL,
    expire_date timestamp with time zone NOT NULL
);


ALTER TABLE django_session OWNER TO flavio;

--
-- Name: django_site; Type: TABLE; Schema: public; Owner: flavio
--

CREATE TABLE django_site (
    id integer NOT NULL,
    domain character varying(100) NOT NULL,
    name character varying(50) NOT NULL
);


ALTER TABLE django_site OWNER TO flavio;

--
-- Name: django_site_id_seq; Type: SEQUENCE; Schema: public; Owner: flavio
--

CREATE SEQUENCE django_site_id_seq
    AS integer
    START WITH 1
    INCREMENT BY 1
    NO MINVALUE
    NO MAXVALUE
    CACHE 1;


ALTER TABLE django_site_id_seq OWNER TO flavio;

--
-- Name: django_site_id_seq; Type: SEQUENCE OWNED BY; Schema: public; Owner: flavio
--

ALTER SEQUENCE django_site_id_seq OWNED BY django_site.id;


--
-- Name: landing_feature; Type: TABLE; Schema: public; Owner: flavio
--

CREATE TABLE landing_feature (
    id integer NOT NULL,
    icon character varying(30) NOT NULL,
    title character varying(50) NOT NULL,
    description text NOT NULL,
    color character varying(30) NOT NULL,
    profile_id integer NOT NULL
);


ALTER TABLE landing_feature OWNER TO flavio;

--
-- Name: landing_feature_id_seq; Type: SEQUENCE; Schema: public; Owner: flavio
--

CREATE SEQUENCE landing_feature_id_seq
    AS integer
    START WITH 1
    INCREMENT BY 1
    NO MINVALUE
    NO MAXVALUE
    CACHE 1;


ALTER TABLE landing_feature_id_seq OWNER TO flavio;

--
-- Name: landing_feature_id_seq; Type: SEQUENCE OWNED BY; Schema: public; Owner: flavio
--

ALTER SEQUENCE landing_feature_id_seq OWNED BY landing_feature.id;


--
-- Name: landing_presentation; Type: TABLE; Schema: public; Owner: flavio
--

CREATE TABLE landing_presentation (
    id integer NOT NULL,
    title character varying(50) NOT NULL,
    abstract text NOT NULL,
    description text NOT NULL,
    cover character varying(100) NOT NULL,
    active boolean NOT NULL,
    abstract_en text,
    abstract_it text,
    description_en text,
    description_it text,
    title_en character varying(50),
    title_it character varying(50)
);


ALTER TABLE landing_presentation OWNER TO flavio;

--
-- Name: landing_presentation_id_seq; Type: SEQUENCE; Schema: public; Owner: flavio
--

CREATE SEQUENCE landing_presentation_id_seq
    AS integer
    START WITH 1
    INCREMENT BY 1
    NO MINVALUE
    NO MAXVALUE
    CACHE 1;


ALTER TABLE landing_presentation_id_seq OWNER TO flavio;

--
-- Name: landing_presentation_id_seq; Type: SEQUENCE OWNED BY; Schema: public; Owner: flavio
--

ALTER SEQUENCE landing_presentation_id_seq OWNED BY landing_presentation.id;


--
-- Name: products_chapter; Type: TABLE; Schema: public; Owner: flavio
--

CREATE TABLE products_chapter (
    id integer NOT NULL,
    icon character varying(30) NOT NULL,
    title character varying(50) NOT NULL,
    description text NOT NULL,
    color character varying(30) NOT NULL,
    image character varying(200) NOT NULL,
    label character varying(50) NOT NULL,
    product_id integer NOT NULL
);


ALTER TABLE products_chapter OWNER TO flavio;

--
-- Name: products_chapter_id_seq; Type: SEQUENCE; Schema: public; Owner: flavio
--

CREATE SEQUENCE products_chapter_id_seq
    AS integer
    START WITH 1
    INCREMENT BY 1
    NO MINVALUE
    NO MAXVALUE
    CACHE 1;


ALTER TABLE products_chapter_id_seq OWNER TO flavio;

--
-- Name: products_chapter_id_seq; Type: SEQUENCE OWNED BY; Schema: public; Owner: flavio
--

ALTER SEQUENCE products_chapter_id_seq OWNED BY products_chapter.id;


--
-- Name: products_characteristic; Type: TABLE; Schema: public; Owner: flavio
--

CREATE TABLE products_characteristic (
    id integer NOT NULL,
    icon character varying(30) NOT NULL,
    title character varying(50) NOT NULL,
    description text NOT NULL,
    color character varying(30) NOT NULL,
    product_id integer NOT NULL
);


ALTER TABLE products_characteristic OWNER TO flavio;

--
-- Name: products_characteristic_id_seq; Type: SEQUENCE; Schema: public; Owner: flavio
--

CREATE SEQUENCE products_characteristic_id_seq
    AS integer
    START WITH 1
    INCREMENT BY 1
    NO MINVALUE
    NO MAXVALUE
    CACHE 1;


ALTER TABLE products_characteristic_id_seq OWNER TO flavio;

--
-- Name: products_characteristic_id_seq; Type: SEQUENCE OWNED BY; Schema: public; Owner: flavio
--

ALTER SEQUENCE products_characteristic_id_seq OWNED BY products_characteristic.id;


--
-- Name: products_imagepreview; Type: TABLE; Schema: public; Owner: flavio
--

CREATE TABLE products_imagepreview (
    id integer NOT NULL,
    image character varying(200) NOT NULL,
    label character varying(50) NOT NULL,
    product_id integer NOT NULL
);


ALTER TABLE products_imagepreview OWNER TO flavio;

--
-- Name: products_imagepreview_id_seq; Type: SEQUENCE; Schema: public; Owner: flavio
--

CREATE SEQUENCE products_imagepreview_id_seq
    AS integer
    START WITH 1
    INCREMENT BY 1
    NO MINVALUE
    NO MAXVALUE
    CACHE 1;


ALTER TABLE products_imagepreview_id_seq OWNER TO flavio;

--
-- Name: products_imagepreview_id_seq; Type: SEQUENCE OWNED BY; Schema: public; Owner: flavio
--

ALTER SEQUENCE products_imagepreview_id_seq OWNED BY products_imagepreview.id;


--
-- Name: products_product; Type: TABLE; Schema: public; Owner: flavio
--

CREATE TABLE products_product (
    publishablemodel_ptr_id integer NOT NULL,
    created timestamp with time zone NOT NULL,
    modified timestamp with time zone NOT NULL,
    title character varying(50) NOT NULL,
    description text NOT NULL,
    slug character varying(50) NOT NULL,
    featured boolean NOT NULL,
    cover character varying(100) NOT NULL,
    file character varying(100) NOT NULL
);


ALTER TABLE products_product OWNER TO flavio;

--
-- Name: products_product_authors; Type: TABLE; Schema: public; Owner: flavio
--

CREATE TABLE products_product_authors (
    id integer NOT NULL,
    product_id integer NOT NULL,
    diventiuser_id integer NOT NULL
);


ALTER TABLE products_product_authors OWNER TO flavio;

--
-- Name: products_product_authors_id_seq; Type: SEQUENCE; Schema: public; Owner: flavio
--

CREATE SEQUENCE products_product_authors_id_seq
    AS integer
    START WITH 1
    INCREMENT BY 1
    NO MINVALUE
    NO MAXVALUE
    CACHE 1;


ALTER TABLE products_product_authors_id_seq OWNER TO flavio;

--
-- Name: products_product_authors_id_seq; Type: SEQUENCE OWNED BY; Schema: public; Owner: flavio
--

ALTER SEQUENCE products_product_authors_id_seq OWNED BY products_product_authors.id;


--
-- Name: products_product_buyers; Type: TABLE; Schema: public; Owner: flavio
--

CREATE TABLE products_product_buyers (
    id integer NOT NULL,
    product_id integer NOT NULL,
    diventiuser_id integer NOT NULL
);


ALTER TABLE products_product_buyers OWNER TO flavio;

--
-- Name: products_product_buyers_id_seq; Type: SEQUENCE; Schema: public; Owner: flavio
--

CREATE SEQUENCE products_product_buyers_id_seq
    AS integer
    START WITH 1
    INCREMENT BY 1
    NO MINVALUE
    NO MAXVALUE
    CACHE 1;


ALTER TABLE products_product_buyers_id_seq OWNER TO flavio;

--
-- Name: products_product_buyers_id_seq; Type: SEQUENCE OWNED BY; Schema: public; Owner: flavio
--

ALTER SEQUENCE products_product_buyers_id_seq OWNED BY products_product_buyers.id;


--
-- Name: star_ratings_rating; Type: TABLE; Schema: public; Owner: flavio
--

CREATE TABLE star_ratings_rating (
    id integer NOT NULL,
    count integer NOT NULL,
    total integer NOT NULL,
    average numeric(6,3) NOT NULL,
    object_id integer,
    content_type_id integer,
    CONSTRAINT star_ratings_rating_count_check CHECK ((count >= 0)),
    CONSTRAINT star_ratings_rating_object_id_check CHECK ((object_id >= 0)),
    CONSTRAINT star_ratings_rating_total_check CHECK ((total >= 0))
);


ALTER TABLE star_ratings_rating OWNER TO flavio;

--
-- Name: star_ratings_rating_id_seq; Type: SEQUENCE; Schema: public; Owner: flavio
--

CREATE SEQUENCE star_ratings_rating_id_seq
    AS integer
    START WITH 1
    INCREMENT BY 1
    NO MINVALUE
    NO MAXVALUE
    CACHE 1;


ALTER TABLE star_ratings_rating_id_seq OWNER TO flavio;

--
-- Name: star_ratings_rating_id_seq; Type: SEQUENCE OWNED BY; Schema: public; Owner: flavio
--

ALTER SEQUENCE star_ratings_rating_id_seq OWNED BY star_ratings_rating.id;


--
-- Name: star_ratings_userrating; Type: TABLE; Schema: public; Owner: flavio
--

CREATE TABLE star_ratings_userrating (
    id integer NOT NULL,
    created timestamp with time zone NOT NULL,
    modified timestamp with time zone NOT NULL,
    ip inet,
    score smallint NOT NULL,
    rating_id integer NOT NULL,
    user_id integer,
    CONSTRAINT star_ratings_userrating_score_check CHECK ((score >= 0))
);


ALTER TABLE star_ratings_userrating OWNER TO flavio;

--
-- Name: star_ratings_userrating_id_seq; Type: SEQUENCE; Schema: public; Owner: flavio
--

CREATE SEQUENCE star_ratings_userrating_id_seq
    AS integer
    START WITH 1
    INCREMENT BY 1
    NO MINVALUE
    NO MAXVALUE
    CACHE 1;


ALTER TABLE star_ratings_userrating_id_seq OWNER TO flavio;

--
-- Name: star_ratings_userrating_id_seq; Type: SEQUENCE OWNED BY; Schema: public; Owner: flavio
--

ALTER SEQUENCE star_ratings_userrating_id_seq OWNED BY star_ratings_userrating.id;


--
-- Name: accounts_diventiavatar id; Type: DEFAULT; Schema: public; Owner: flavio
--

ALTER TABLE ONLY accounts_diventiavatar ALTER COLUMN id SET DEFAULT nextval('accounts_diventiavatar_id_seq'::regclass);


--
-- Name: accounts_diventicover id; Type: DEFAULT; Schema: public; Owner: flavio
--

ALTER TABLE ONLY accounts_diventicover ALTER COLUMN id SET DEFAULT nextval('accounts_diventicover_id_seq'::regclass);


--
-- Name: accounts_diventiuser id; Type: DEFAULT; Schema: public; Owner: flavio
--

ALTER TABLE ONLY accounts_diventiuser ALTER COLUMN id SET DEFAULT nextval('accounts_diventiuser_id_seq'::regclass);


--
-- Name: accounts_diventiuser_groups id; Type: DEFAULT; Schema: public; Owner: flavio
--

ALTER TABLE ONLY accounts_diventiuser_groups ALTER COLUMN id SET DEFAULT nextval('accounts_diventiuser_groups_id_seq'::regclass);


--
-- Name: accounts_diventiuser_user_permissions id; Type: DEFAULT; Schema: public; Owner: flavio
--

ALTER TABLE ONLY accounts_diventiuser_user_permissions ALTER COLUMN id SET DEFAULT nextval('accounts_diventiuser_user_permissions_id_seq'::regclass);


--
-- Name: auth_group id; Type: DEFAULT; Schema: public; Owner: flavio
--

ALTER TABLE ONLY auth_group ALTER COLUMN id SET DEFAULT nextval('auth_group_id_seq'::regclass);


--
-- Name: auth_group_permissions id; Type: DEFAULT; Schema: public; Owner: flavio
--

ALTER TABLE ONLY auth_group_permissions ALTER COLUMN id SET DEFAULT nextval('auth_group_permissions_id_seq'::regclass);


--
-- Name: auth_permission id; Type: DEFAULT; Schema: public; Owner: flavio
--

ALTER TABLE ONLY auth_permission ALTER COLUMN id SET DEFAULT nextval('auth_permission_id_seq'::regclass);


--
-- Name: blog_article_promotions id; Type: DEFAULT; Schema: public; Owner: flavio
--

ALTER TABLE ONLY blog_article_promotions ALTER COLUMN id SET DEFAULT nextval('blog_article_promotions_id_seq'::regclass);


--
-- Name: blog_category id; Type: DEFAULT; Schema: public; Owner: flavio
--

ALTER TABLE ONLY blog_category ALTER COLUMN id SET DEFAULT nextval('blog_category_id_seq'::regclass);


--
-- Name: comments_diventicomment id; Type: DEFAULT; Schema: public; Owner: flavio
--

ALTER TABLE ONLY comments_diventicomment ALTER COLUMN id SET DEFAULT nextval('comments_diventicomment_id_seq'::regclass);


--
-- Name: comments_diventicomment_promotions id; Type: DEFAULT; Schema: public; Owner: flavio
--

ALTER TABLE ONLY comments_diventicomment_promotions ALTER COLUMN id SET DEFAULT nextval('comments_diventicomment_promotions_id_seq'::regclass);


--
-- Name: core_publishablemodel id; Type: DEFAULT; Schema: public; Owner: flavio
--

ALTER TABLE ONLY core_publishablemodel ALTER COLUMN id SET DEFAULT nextval('core_publishablemodel_id_seq'::regclass);


--
-- Name: django_admin_log id; Type: DEFAULT; Schema: public; Owner: flavio
--

ALTER TABLE ONLY django_admin_log ALTER COLUMN id SET DEFAULT nextval('django_admin_log_id_seq'::regclass);


--
-- Name: django_comment_flags id; Type: DEFAULT; Schema: public; Owner: flavio
--

ALTER TABLE ONLY django_comment_flags ALTER COLUMN id SET DEFAULT nextval('django_comment_flags_id_seq'::regclass);


--
-- Name: django_comments id; Type: DEFAULT; Schema: public; Owner: flavio
--

ALTER TABLE ONLY django_comments ALTER COLUMN id SET DEFAULT nextval('django_comments_id_seq'::regclass);


--
-- Name: django_content_type id; Type: DEFAULT; Schema: public; Owner: flavio
--

ALTER TABLE ONLY django_content_type ALTER COLUMN id SET DEFAULT nextval('django_content_type_id_seq'::regclass);


--
-- Name: django_migrations id; Type: DEFAULT; Schema: public; Owner: flavio
--

ALTER TABLE ONLY django_migrations ALTER COLUMN id SET DEFAULT nextval('django_migrations_id_seq'::regclass);


--
-- Name: django_site id; Type: DEFAULT; Schema: public; Owner: flavio
--

ALTER TABLE ONLY django_site ALTER COLUMN id SET DEFAULT nextval('django_site_id_seq'::regclass);


--
-- Name: landing_feature id; Type: DEFAULT; Schema: public; Owner: flavio
--

ALTER TABLE ONLY landing_feature ALTER COLUMN id SET DEFAULT nextval('landing_feature_id_seq'::regclass);


--
-- Name: landing_presentation id; Type: DEFAULT; Schema: public; Owner: flavio
--

ALTER TABLE ONLY landing_presentation ALTER COLUMN id SET DEFAULT nextval('landing_presentation_id_seq'::regclass);


--
-- Name: products_chapter id; Type: DEFAULT; Schema: public; Owner: flavio
--

ALTER TABLE ONLY products_chapter ALTER COLUMN id SET DEFAULT nextval('products_chapter_id_seq'::regclass);


--
-- Name: products_characteristic id; Type: DEFAULT; Schema: public; Owner: flavio
--

ALTER TABLE ONLY products_characteristic ALTER COLUMN id SET DEFAULT nextval('products_characteristic_id_seq'::regclass);


--
-- Name: products_imagepreview id; Type: DEFAULT; Schema: public; Owner: flavio
--

ALTER TABLE ONLY products_imagepreview ALTER COLUMN id SET DEFAULT nextval('products_imagepreview_id_seq'::regclass);


--
-- Name: products_product_authors id; Type: DEFAULT; Schema: public; Owner: flavio
--

ALTER TABLE ONLY products_product_authors ALTER COLUMN id SET DEFAULT nextval('products_product_authors_id_seq'::regclass);


--
-- Name: products_product_buyers id; Type: DEFAULT; Schema: public; Owner: flavio
--

ALTER TABLE ONLY products_product_buyers ALTER COLUMN id SET DEFAULT nextval('products_product_buyers_id_seq'::regclass);


--
-- Name: star_ratings_rating id; Type: DEFAULT; Schema: public; Owner: flavio
--

ALTER TABLE ONLY star_ratings_rating ALTER COLUMN id SET DEFAULT nextval('star_ratings_rating_id_seq'::regclass);


--
-- Name: star_ratings_userrating id; Type: DEFAULT; Schema: public; Owner: flavio
--

ALTER TABLE ONLY star_ratings_userrating ALTER COLUMN id SET DEFAULT nextval('star_ratings_userrating_id_seq'::regclass);


--
-- Data for Name: accounts_diventiavatar; Type: TABLE DATA; Schema: public; Owner: flavio
--

COPY accounts_diventiavatar (id, image, label, staff_only) FROM stdin;
1	https://i.imgur.com/N33lzpk.jpg?1	diventi-avatar-1	f
3	https://i.imgur.com/kQKU8Gr.jpg?1	diventi-avatar-staff-1	t
4	https://i.imgur.com/xpPfoyC.jpg?1	diventi-avatar-staff-2	t
5	https://i.imgur.com/L5AH0Lp.jpg?1	diventi-avatar-staff-3	t
6	https://i.imgur.com/T62uRik.jpg?1	diventi-avatar-staff-4	t
7	https://i.imgur.com/tx4MonT.jpg?1	diventi-avatar-2	f
8	https://i.imgur.com/5wf5pcc.jpg?1	diventi-avatar-3	f
9	https://i.imgur.com/UXrrz2r.jpg?1	diventi-avatar-4	f
10	https://i.imgur.com/FSDfuib.png	diventi-avatar-5	f
2	https://i.imgur.com/4cRXula.jpg	diventi-avatar-6	f
\.


--
-- Data for Name: accounts_diventicover; Type: TABLE DATA; Schema: public; Owner: flavio
--

COPY accounts_diventicover (id, image, label) FROM stdin;
3	https://i.imgur.com/3vA0IsC.jpg	diventi-cover-3
1	https://i.imgur.com/X9YBufL.jpg	diventi-cover-1
2	https://i.imgur.com/e1muBxx.jpg	diventi-cover-2
5	https://i.imgur.com/7Mz1eTr.jpg	diventi-cover-5
4	https://i.imgur.com/4iuwFye.jpg?1	diventi-cover-4
\.


--
-- Data for Name: accounts_diventiuser; Type: TABLE DATA; Schema: public; Owner: flavio
--

COPY accounts_diventiuser (id, password, last_login, is_superuser, username, first_name, last_name, is_staff, is_active, date_joined, email, profilepic, bio, role, avatar_id, cover_id) FROM stdin;
10	pbkdf2_sha256$36000$BfYXrzMUMWVX$Mrz2mEtFK7nCJvaJ8OiHyLNAAKBZwVXus2e89NQEUxg=	2017-12-29 22:13:32.791142+01	f	chedolcefai@gmail.com	Marta		f	t	2017-12-29 22:12:51.632758+01	chedolcefai@gmail.com				1	5
6	pbkdf2_sha256$36000$oSJrfoTZqeXa$7O0UWb+pSlgr97t0/wzil87+76VFCVs9+eBVEsTGekA=	\N	t	davide_dur@hotmail.it	Davide		t	t	2017-12-26 18:30:39.154465+01	davide_dur@hotmail.it	accounts/profilepics/davide.jpg			\N	\N
8	pbkdf2_sha256$36000$5ZOH1k9eLFjR$QUnpzplm0esuJojYHt+xxxqLIg/3HVVpb86FptB5Fns=	2017-12-27 00:17:11.651604+01	f	flavio@email.com	Flavio		f	t	2017-12-27 00:16:40.358401+01	flavio@email.com		I love D&D!	Wizard	9	4
7	pbkdf2_sha256$36000$GFEEhD1bBxAh$PvKLDbLlASL4Q4Avyl5cVsoIK7joTUEwAg6jKkNT9wo=	2017-12-27 10:36:38.334635+01	t	jacopo.arca@gmail.com	Jacopo		t	t	2017-12-26 18:31:35.755369+01	jacopo.arca@gmail.com	accounts/profilepics/jacopo.jpg			2	5
9	pbkdf2_sha256$36000$N89t5OEVOXCb$PFweU46Bc/DTUD+7YKk+27K3oULOVNPTSwDg1OTxxo0=	2017-12-27 16:46:13.443773+01	f	andrea@email.com	Andrea		f	t	2017-12-27 16:45:49.418523+01	andrea@email.com		I like D&D	Warrior	2	5
1	pbkdf2_sha256$36000$Eupst1F8uEoW$s7yFmGVvjI1s+iKIpnyASyI5JmhMD1w7iRQrd2Bsi2U=	2018-01-03 13:27:24.505301+01	t	flavius476@gmail.com	Flavio		t	t	2017-12-23 19:00:14.757+01	flavius476@gmail.com	accounts/profilepics/flavio.jpg	I make people discover fantastic worlds.	Warrior	5	3
\.


--
-- Data for Name: accounts_diventiuser_groups; Type: TABLE DATA; Schema: public; Owner: flavio
--

COPY accounts_diventiuser_groups (id, diventiuser_id, group_id) FROM stdin;
\.


--
-- Data for Name: accounts_diventiuser_user_permissions; Type: TABLE DATA; Schema: public; Owner: flavio
--

COPY accounts_diventiuser_user_permissions (id, diventiuser_id, permission_id) FROM stdin;
\.


--
-- Data for Name: auth_group; Type: TABLE DATA; Schema: public; Owner: flavio
--

COPY auth_group (id, name) FROM stdin;
\.


--
-- Data for Name: auth_group_permissions; Type: TABLE DATA; Schema: public; Owner: flavio
--

COPY auth_group_permissions (id, group_id, permission_id) FROM stdin;
\.


--
-- Data for Name: auth_permission; Type: TABLE DATA; Schema: public; Owner: flavio
--

COPY auth_permission (id, name, content_type_id, codename) FROM stdin;
63	Can add Cover	21	add_diventicover
64	Can change Cover	21	change_diventicover
65	Can delete Cover	21	delete_diventicover
66	Can add rating	22	add_rating
67	Can change rating	22	change_rating
68	Can delete rating	22	delete_rating
69	Can add user rating	23	add_userrating
70	Can change user rating	23	change_userrating
71	Can delete user rating	23	delete_userrating
1	Can add log entry	1	add_logentry
2	Can change log entry	1	change_logentry
3	Can delete log entry	1	delete_logentry
4	Can add permission	2	add_permission
5	Can change permission	2	change_permission
6	Can delete permission	2	delete_permission
7	Can add group	3	add_group
8	Can change group	3	change_group
9	Can delete group	3	delete_group
10	Can add content type	4	add_contenttype
11	Can change content type	4	change_contenttype
12	Can delete content type	4	delete_contenttype
13	Can add session	5	add_session
14	Can change session	5	change_session
15	Can delete session	5	delete_session
16	Can add site	6	add_site
17	Can change site	6	change_site
18	Can delete site	6	delete_site
19	Can add publishable model	7	add_publishablemodel
20	Can change publishable model	7	change_publishablemodel
21	Can delete publishable model	7	delete_publishablemodel
22	Can add User	8	add_diventiuser
23	Can change User	8	change_diventiuser
24	Can delete User	8	delete_diventiuser
25	Can add Avatar	9	add_diventiavatar
26	Can change Avatar	9	change_diventiavatar
27	Can delete Avatar	9	delete_diventiavatar
28	Can add article	10	add_article
29	Can change article	10	change_article
30	Can delete article	10	delete_article
31	Can add category	11	add_category
32	Can change category	11	change_category
33	Can delete category	11	delete_category
34	Can add feature	12	add_feature
35	Can change feature	12	change_feature
36	Can delete feature	12	delete_feature
37	Can add presentation	13	add_presentation
38	Can change presentation	13	change_presentation
39	Can delete presentation	13	delete_presentation
40	Can add comment	14	add_diventicomment
41	Can change comment	14	change_diventicomment
42	Can delete comment	14	delete_diventicomment
43	Can moderate comments	14	can_moderate
44	Can add chapter	15	add_chapter
45	Can change chapter	15	change_chapter
46	Can delete chapter	15	delete_chapter
47	Can add characteristic	16	add_characteristic
48	Can change characteristic	16	change_characteristic
49	Can delete characteristic	16	delete_characteristic
50	Can add Image	17	add_imagepreview
51	Can change Image	17	change_imagepreview
52	Can delete Image	17	delete_imagepreview
53	Can add product	18	add_product
54	Can change product	18	change_product
55	Can delete product	18	delete_product
56	Can add comment	19	add_comment
57	Can change comment	19	change_comment
58	Can delete comment	19	delete_comment
59	Can moderate comments	19	can_moderate
60	Can add comment flag	20	add_commentflag
61	Can change comment flag	20	change_commentflag
62	Can delete comment flag	20	delete_commentflag
\.


--
-- Data for Name: blog_article; Type: TABLE DATA; Schema: public; Owner: flavio
--

COPY blog_article (publishablemodel_ptr_id, created, modified, title, description, image, caption, content, hot, slug, author_id, category_id) FROM stdin;
7	2017-12-23 19:07:36.649+01	2017-12-26 18:26:17.123774+01	Playing suspended modernity in d&d	<p>How to mesh a modern atmosfere within a typical fantasy adventure.</p>	blog/playing-suspended-modernity-dd.jpg		<p>At this moment in time both sci-fi and fantasy themes are almost equally popular among those who dabble on role playing games. Dedicated systems have been developed and released to satisfy players that wish to dominate alternatively sophisticated technology <em>or</em>&nbsp;potent magic.&nbsp;<br />\r\nThe introduction of modern weapons, vehicles or items in D&amp;D usually rises difficulties for the balancing of encounters. To address the problem we introduce the concept of &nbsp;<em>suspended modernity</em>. An easy to plug-in theme for our role playing campaign.</p>\r\n\r\n<h2>Suspended modernity&nbsp;zones</h2>\r\n\r\n<p>What we need is a trigger to justify the limited availability of technology in a our world. We should start the adventure with a big event: something like a giant spaceship crashes on a capital city, an invisible-angelic palace became suddenly visible on the sky, or maybe a supernatural eclipse put in shade a third of the planet. From that event we can define specific zones which will enable the use of modern weapons, vehicles or any modern device we want. Note that a zone can be anything from a room, a dungeon or an entire country, depending on the needs of our adventure.</p>\r\n\r\n<p><strong>Fantasy zone:</strong> yes magic, no technology<br />\r\n<strong>Suspended modernity zone:</strong> yes magic, limited technology<br />\r\n<strong>Realistic zone:</strong> no magic, yes technology</p>\r\n\r\n<p>Thanks to this framework we are free to set our adventure in a contemporary world, where magic is introduced in specific areas, or in a classic fantasy settings, where technology is controlled by a few.</p>\r\n\r\n<h2>The key to suspended modernity: MTM devices</h2>\r\n\r\n<p>In alternative of the broad mechanics introduced in the Player Handbook we propose the MTM - Modern Tech Machine approach. An MTM act as a high-tech container that every player characters should have available from the beginning of their suspended modernity adventure. The MTM can be activate to release what we call modern assets (MA): our custom currency that enables the use of weapons, vehicles or any other equipment we can think of in the modern days. MA are shared between all members of the party and they are stored automatically in everyone&rsquo;s MTM. MA are limited, can be spent as a bonus action and they recharge to maximum on a long rest. Spending MA should be as rewarding as overcoming difficult or next to critical encounters.</p>\r\n\r\n<h2>Possible actions of suspended modernity</h2>\r\n\r\n<p>The MTM device can be activated to perform two type of action: a normal cost or a high cost action.&nbsp;A normal cost action should be repeatable a few times per long rest, while a&nbsp;high cost action&nbsp;should include a unique constraint that makes sense in your campaign.</p>\r\n\r\n<p><em>Action - Proposed cost - Constraint</em></p>\r\n\r\n<p>- Use the MTM&rsquo;s communicator<br />\r\n- Use a modern weapon<br />\r\n- Drive a modern vehicle<br />\r\n-&nbsp;Send a distress signal<br />\r\n-&nbsp;Take control of a human-sized robot<br />\r\n-&nbsp;Activate a computer for 1 minute</p>\r\n\r\n<p>When high-tech is used we encourage dungeon masters to manage the scene with cinematic endings, letting the players to overcome a particular challenge at a cost that is known. Actions locked behind a constraint gives the dungeon master the power to control the potency of suspended modernity, while giving the players an additional layer of character development with possible upgrades to their own MTM.</p>\r\n\r\n<h2>Conclusions</h2>\r\n\r\n<p>Since the inclusion of modern equipment is too broadly described in D&amp;D 5E, we introduced suspended modernity: a simple yet powerful framework for dungeon masters that enables them to manage modern assets at their table.</p>	f	suspended-modernity-dd	1	2
\.


--
-- Data for Name: blog_article_promotions; Type: TABLE DATA; Schema: public; Owner: flavio
--

COPY blog_article_promotions (id, article_id, diventiuser_id) FROM stdin;
2	7	8
3	7	9
10	7	1
\.


--
-- Data for Name: blog_category; Type: TABLE DATA; Schema: public; Owner: flavio
--

COPY blog_category (id, title) FROM stdin;
1	test
2	gm-tips
\.


--
-- Data for Name: comments_diventicomment; Type: TABLE DATA; Schema: public; Owner: flavio
--

COPY comments_diventicomment (id, object_pk, user_name, user_email, user_url, comment, submit_date, ip_address, is_public, is_removed, content_type_id, site_id, user_id, parent_id, level, lft, rght, tree_id) FROM stdin;
18	6	Flavio	flavius476@gmail.com		second parent	2018-01-01 22:03:29.300803+01	127.0.0.1	t	f	18	1	1	\N	0	1	2	2
21	6	Flavio	flavius476@gmail.com		hi!	2018-01-01 23:48:38.218519+01	127.0.0.1	t	f	18	1	1	\N	0	1	2	5
22	6	Flavio	flavius476@gmail.com		hi! child	2018-01-01 23:49:13.179409+01	127.0.0.1	t	f	18	1	1	\N	0	1	4	6
23	6	Flavio	flavius476@gmail.com		hi! child of child	2018-01-01 23:50:10.984976+01	127.0.0.1	t	f	18	1	1	22	1	2	3	6
19	6	Flavio	flavius476@gmail.com		third parent	2018-01-01 22:03:35.0389+01	127.0.0.1	t	f	18	1	1	\N	0	1	4	3
24	6	Flavio	flavius476@gmail.com		third parent child	2018-01-02 10:41:28.207145+01	127.0.0.1	t	f	18	1	1	19	1	2	3	3
17	6	Flavio	flavius476@gmail.com		asd	2018-01-01 22:03:11.809419+01	127.0.0.1	t	f	18	1	1	\N	0	1	6	1
25	6	Flavio	flavius476@gmail.com		Cool, dude!	2018-01-02 10:48:04.308599+01	127.0.0.1	t	f	18	1	1	17	1	2	5	1
26	6	Flavio	flavius476@gmail.com		Aswesome!	2018-01-02 10:49:56.717226+01	127.0.0.1	t	f	18	1	1	25	2	3	4	1
27	7	Flavio	flavius476@gmail.com		Nice article!	2018-01-02 11:45:34.227121+01	127.0.0.1	t	f	10	1	1	\N	0	1	4	7
28	7	Flavio	flavius476@gmail.com		Right dude, it's awesome!	2018-01-02 11:45:48.194221+01	127.0.0.1	t	f	10	1	1	27	1	2	3	7
29	7	Flavio	flavius476@gmail.com		Boring.	2018-01-02 11:46:02.417175+01	127.0.0.1	t	f	10	1	1	\N	0	1	2	8
30	6	Flavio	flavius476@gmail.com		You are not a child!	2018-01-02 12:04:20.701184+01	127.0.0.1	t	f	18	1	1	20	1	2	3	4
20	6	Flavio	flavius476@gmail.com		asd child	2018-01-01 22:03:41.265428+01	127.0.0.1	t	f	18	1	1	\N	0	1	6	4
31	6	Flavio	flavius476@gmail.com		show me	2018-01-02 12:13:45.528728+01	127.0.0.1	t	f	18	1	1	20	1	4	5	4
\.


--
-- Data for Name: comments_diventicomment_promotions; Type: TABLE DATA; Schema: public; Owner: flavio
--

COPY comments_diventicomment_promotions (id, diventicomment_id, diventiuser_id) FROM stdin;
25	20	1
26	28	1
30	22	1
\.


--
-- Data for Name: core_publishablemodel; Type: TABLE DATA; Schema: public; Owner: flavio
--

COPY core_publishablemodel (id, published, publication_date) FROM stdin;
7	t	2017-12-23 19:07:36.644+01
6	t	2017-12-25 12:17:44.130044+01
\.


--
-- Data for Name: django_admin_log; Type: TABLE DATA; Schema: public; Owner: flavio
--

COPY django_admin_log (id, action_time, object_id, object_repr, action_flag, change_message, content_type_id, user_id) FROM stdin;
1	2017-12-23 19:00:37.501+01	1	Your adventure starts with us	1	[{"added": {}}]	13	1
2	2017-12-23 19:00:56.206+01	1	You Adventure Starts With Us.	2	[{"changed": {"fields": ["title"]}}]	13	1
3	2017-12-23 19:06:19.767+01	6	The lost files: adventure kit	1	[{"added": {}}]	18	1
4	2017-12-23 19:06:27.472+01	6	The lost files: adventure kit	2	[{"changed": {"fields": ["published"]}}]	18	1
5	2017-12-23 19:07:11.082+01	1	test	1	[{"added": {}}]	11	1
6	2017-12-23 19:07:36.657+01	7	My first article	1	[{"added": {}}]	10	1
7	2017-12-24 10:21:25.717+01	1	Flavio  (flavius476@gmail.com)	2	[{"changed": {"fields": ["first_name"]}}]	8	1
8	2017-12-24 11:10:07.802627+01	1	You Adventure Starts With Us.	2	[{"changed": {"fields": ["cover"]}}]	13	1
9	2017-12-24 11:13:06.36599+01	6	The lost files: adventure kit	2	[{"changed": {"fields": ["featured"]}}]	18	1
10	2017-12-24 11:16:19.294993+01	6	The lost files: adventure kit	2	[{"changed": {"fields": ["featured"]}}]	18	1
11	2017-12-25 12:17:44.142944+01	6	The lost files: adventure kit	2	[{"changed": {"fields": ["published", "featured"]}}]	18	1
12	2017-12-25 12:19:19.139779+01	1	You Adventure Starts With Us.	2	[{"changed": {"fields": ["abstract", "description"]}}]	13	1
13	2017-12-25 12:20:43.227716+01	1	You Adventure Starts With Us.	2	[{"added": {"name": "feature", "object": "Striking locations"}}, {"added": {"name": "feature", "object": "Suspended modernity"}}, {"added": {"name": "feature", "object": "A narrative imprint"}}]	13	1
14	2017-12-25 17:25:38.668274+01	6	Esotic adventure seeds	2	[{"changed": {"fields": ["title", "cover", "buyers", "file"]}}]	18	1
15	2017-12-25 17:25:59.943064+01	6	Our best 2017 adventure seeds	2	[{"changed": {"fields": ["title"]}}]	18	1
16	2017-12-25 17:26:37.2856+01	6	Our best 2017 adventure seeds	2	[{"changed": {"fields": ["buyers"]}}]	18	1
17	2017-12-25 17:27:11.489409+01	3	Flavio  (flavio88@email.it)	3		8	1
18	2017-12-25 17:27:11.494689+01	2	Flavio  (flavio@email.com)	3		8	1
19	2017-12-25 17:39:21.832005+01	1	Your Adventure Starts With Us.	2	[{"changed": {"fields": ["title"]}}]	13	1
20	2017-12-25 20:44:46.999408+01	6	Cool adventure seeds from 2017	2	[{"changed": {"fields": ["title"]}}]	18	1
21	2017-12-25 20:44:56.346363+01	6	Our best adventure seeds from 2017	2	[{"changed": {"fields": ["title"]}}]	18	1
22	2017-12-26 12:29:34.147131+01	6	Our best adventure seeds from 2017	2	[{"changed": {"fields": ["description"]}}]	18	1
23	2017-12-26 15:36:31.918942+01	1	diventi-cover-1	1	[{"added": {}}]	21	1
24	2017-12-26 15:36:46.78676+01	2	diventi-cover-2	1	[{"added": {}}]	21	1
25	2017-12-26 15:36:55.644486+01	3	diventi-cover-3	1	[{"added": {}}]	21	1
26	2017-12-26 15:41:04.004186+01	1	diventi-cover-1	2	[{"changed": {"fields": ["image"]}}]	21	1
27	2017-12-26 15:43:06.516791+01	1	diventi-cover-1	2	[{"changed": {"fields": ["image"]}}]	21	1
28	2017-12-26 15:45:08.415324+01	2	diventi-cover-2	2	[{"changed": {"fields": ["image"]}}]	21	1
29	2017-12-26 18:03:58.891279+01	1	diventi-avatar-1	1	[{"added": {}}]	9	1
30	2017-12-26 18:04:17.179872+01	2	diventi-avatar-2	1	[{"added": {}}]	9	1
31	2017-12-26 18:04:31.408796+01	3	diventi-avatar-staff-1	1	[{"added": {}}]	9	1
32	2017-12-26 18:04:44.433108+01	4	diventi-avatar-staff-2	1	[{"added": {}}]	9	1
33	2017-12-26 18:04:59.399811+01	5	diventi-avatar-staff-3	1	[{"added": {}}]	9	1
34	2017-12-26 18:05:12.677212+01	6	diventi-avatar-staff-4	1	[{"added": {}}]	9	1
35	2017-12-26 18:05:28.415847+01	7	diventi-avatar-2	1	[{"added": {}}]	9	1
36	2017-12-26 18:05:38.380776+01	8	diventi-avatar-3	1	[{"added": {}}]	9	1
37	2017-12-26 18:05:47.999244+01	9	diventi-avatar-4	1	[{"added": {}}]	9	1
38	2017-12-26 18:05:58.970547+01	10	diventi-avatar-5	1	[{"added": {}}]	9	1
39	2017-12-26 18:06:25.35971+01	2	diventi-avatar-6	2	[{"changed": {"fields": ["label"]}}]	9	1
40	2017-12-26 18:21:14.066612+01	2	gm-tips	1	[{"added": {}}]	11	1
41	2017-12-26 18:21:53.938469+01	7	Playing suspended modernity in d&d	2	[{"changed": {"fields": ["title", "description", "category", "content", "slug"]}}]	10	1
42	2017-12-26 18:23:01.640169+01	7	Playing suspended modernity in d&d	2	[{"changed": {"fields": ["content"]}}]	10	1
43	2017-12-26 18:23:38.519636+01	7	Playing suspended modernity in d&d	2	[{"changed": {"fields": ["content"]}}]	10	1
44	2017-12-26 18:25:27.609666+01	7	Playing suspended modernity in d&d	2	[{"changed": {"fields": ["image"]}}]	10	1
45	2017-12-26 18:26:17.145146+01	7	Playing suspended modernity in d&d	2	[{"changed": {"fields": ["slug"]}}]	10	1
46	2017-12-26 18:29:49.04122+01	1	Flavio  (flavius476@gmail.com)	2	[{"changed": {"fields": ["profilepic"]}}]	8	1
47	2017-12-26 18:30:39.202388+01	6	  (davide_dur@hotmail.it)	1	[{"added": {}}]	8	1
48	2017-12-26 18:31:10.108833+01	6	Davide  (davide_dur@hotmail.it)	2	[{"changed": {"fields": ["first_name", "profilepic", "is_staff", "is_superuser"]}}]	8	1
49	2017-12-26 18:31:19.446919+01	5	Andrea  (andrea@email.com)	3		8	1
50	2017-12-26 18:31:19.454967+01	4	Flavio  (flavio@email.com)	3		8	1
51	2017-12-26 18:31:35.834405+01	7	  (jacopo.arca@gmail.com)	1	[{"added": {}}]	8	1
52	2017-12-26 18:31:51.594609+01	7	Jacopo  (jacopo.arca@gmail.com)	2	[{"changed": {"fields": ["first_name", "profilepic", "is_staff", "is_superuser"]}}]	8	1
53	2017-12-26 18:32:08.088779+01	6	Our best adventure seeds from 2017	2	[{"changed": {"fields": ["authors"]}}]	18	1
54	2017-12-26 18:35:41.687837+01	6	Our best adventure seeds from 2017	2	[{"added": {"name": "Image", "object": "diventi-product-demo"}}]	18	1
55	2017-12-26 18:38:33.518924+01	6	Our best adventure seeds from 2017	2	[{"added": {"name": "characteristic", "object": "Written in latex"}}, {"added": {"name": "characteristic", "object": "Concise sections"}}, {"added": {"name": "characteristic", "object": "Tested adventures"}}]	18	1
56	2017-12-26 18:39:58.879029+01	6	Our best adventure seeds from 2017	2	[{"changed": {"name": "characteristic", "object": "Written in latex", "fields": ["description"]}}, {"changed": {"name": "characteristic", "object": "Concise sections", "fields": ["description"]}}, {"changed": {"name": "characteristic", "object": "Tested adventures", "fields": ["description"]}}]	18	1
57	2017-12-26 18:40:48.328523+01	6	Our best adventure seeds from 2017	2	[{"changed": {"name": "characteristic", "object": "Tested adventures", "fields": ["description"]}}]	18	1
58	2017-12-26 18:41:06.13007+01	6	Our best adventure seeds from 2017	2	[{"changed": {"name": "characteristic", "object": "Tested adventures", "fields": ["description"]}}]	18	1
59	2017-12-26 18:41:34.144828+01	6	Our best adventure seeds from 2017	2	[{"changed": {"name": "characteristic", "object": "Concise sections", "fields": ["description"]}}]	18	1
60	2017-12-26 18:47:14.268542+01	6	Our best adventure seeds from 2017	2	[{"changed": {"name": "characteristic", "object": "Concise sections", "fields": ["description"]}}, {"changed": {"name": "characteristic", "object": "Tested adventures", "fields": ["description"]}}]	18	1
61	2017-12-26 18:48:32.219532+01	6	Our best role playing seeds from 2017	2	[{"changed": {"fields": ["title"]}}, {"changed": {"name": "characteristic", "object": "Written in latex", "fields": ["description"]}}]	18	1
62	2017-12-27 10:41:17.992209+01	4	diventi-cover-4	1	[{"added": {}}]	21	7
63	2017-12-27 10:41:27.675341+01	5	diventi-cover-5	1	[{"added": {}}]	21	7
64	2017-12-27 10:44:28.494107+01	4	diventi-cover-4	2	[{"changed": {"fields": ["image"]}}]	21	7
65	2017-12-29 21:00:18.987664+01	6	Our best role playing seeds from 2017	2	[{"changed": {"name": "Image", "object": "diventi-product-demo", "fields": ["image"]}}]	18	1
66	2017-12-29 21:01:42.495864+01	6	Our best role playing seeds from 2017	2	[{"changed": {"name": "Image", "object": "diventi-product-demo", "fields": ["image"]}}]	18	1
67	2017-12-29 21:07:35.530074+01	6	Our best role playing seeds from 2017	2	[{"changed": {"name": "Image", "object": "diventi-product-demo", "fields": ["image"]}}]	18	1
68	2017-12-29 21:08:48.561243+01	6	Our best role playing seeds from 2017	2	[{"deleted": {"name": "Image", "object": "diventi-product-demo"}}]	18	1
69	2017-12-29 21:17:36.936274+01	6	Our best role playing seeds from 2017	2	[{"added": {"name": "Image", "object": "demo1"}}]	18	1
70	2017-12-29 21:25:14.119647+01	6	Our best role playing seeds from 2017	2	[{"deleted": {"name": "Image", "object": "demo1"}}]	18	1
71	2017-12-29 21:53:32.392352+01	6	Our best role playing seeds from 2017	2	[{"added": {"name": "Image", "object": "demo1"}}]	18	1
72	2018-01-01 19:16:14.324794+01	1	Flavio : Cool!...	3		14	1
73	2018-01-01 19:16:14.335818+01	2	Flavio : Suspended modernity rocks!...	3		14	1
74	2018-01-01 19:16:14.336818+01	3	Andrea : Awesome,...	3		14	1
75	2018-01-01 19:16:14.33781+01	4	Flavio : We played the first chapter, its so cool!...	3		14	1
76	2018-01-01 19:16:14.33781+01	5	Flavio : Comment...	3		14	1
77	2018-01-01 19:16:14.338813+01	6	Flavio : Cool!...	3		14	1
78	2018-01-01 20:45:59.465345+01	8	Flavio : Child comment...	2	[{"changed": {"fields": ["parent"]}}]	14	1
79	2018-01-01 20:52:06.504983+01	8	Flavio : Child comment...	2	[{"changed": {"fields": ["parent"]}}]	14	1
80	2018-01-01 20:52:40.049031+01	7	Flavio : Cool....	2	[{"changed": {"fields": ["parent"]}}]	14	1
81	2018-01-01 20:58:38.721803+01	10	Child comment	2	[{"changed": {"fields": ["parent"]}}]	14	1
82	2018-01-01 20:59:25.695446+01	9	Root comment	3		14	1
83	2018-01-01 20:59:25.701205+01	10	Child comment	3		14	1
84	2018-01-01 20:59:49.19387+01	7	Cool.	2	[{"changed": {"fields": ["points"]}}]	14	1
85	2018-01-01 21:00:38.267622+01	7	Cool.	2	[{"changed": {"fields": ["parent"]}}]	14	1
86	2018-01-01 21:04:37.733239+01	8	Child comment	2	[{"changed": {"fields": ["parent"]}}]	14	1
87	2018-01-01 21:23:08.47407+01	None	Cool.	3		14	1
88	2018-01-01 21:23:08.477065+01	None	Child comment	3		14	1
89	2018-01-01 21:23:27.171096+01	None	Nice!	3		14	1
90	2018-01-01 21:32:06.44432+01	16	Child comment	2	[{"changed": {"fields": ["parent"]}}]	14	1
91	2018-01-01 22:02:24.211051+01	None	Cool!	3		14	1
92	2018-01-01 22:02:24.216085+01	None	Nice!	3		14	1
93	2018-01-01 22:02:24.222107+01	None	Parent comment	3		14	1
94	2018-01-01 22:02:24.224717+01	None	Child comment	3		14	1
95	2018-01-03 16:15:54.652166+01	1	Your adventure starts with us	2	[{"changed": {"fields": ["title_it", "title_en"]}}]	13	1
96	2018-01-03 22:57:04.392968+01	1	La tua avventura inizia con noi	2	[{"changed": {"fields": ["title_it"]}}]	13	1
\.


--
-- Data for Name: django_comment_flags; Type: TABLE DATA; Schema: public; Owner: flavio
--

COPY django_comment_flags (id, flag, flag_date, comment_id, user_id) FROM stdin;
\.


--
-- Data for Name: django_comments; Type: TABLE DATA; Schema: public; Owner: flavio
--

COPY django_comments (id, object_pk, user_name, user_email, user_url, comment, submit_date, ip_address, is_public, is_removed, content_type_id, site_id, user_id) FROM stdin;
\.


--
-- Data for Name: django_content_type; Type: TABLE DATA; Schema: public; Owner: flavio
--

COPY django_content_type (id, app_label, model) FROM stdin;
1	admin	logentry
2	auth	permission
3	auth	group
4	contenttypes	contenttype
5	sessions	session
6	sites	site
7	core	publishablemodel
8	accounts	diventiuser
9	accounts	diventiavatar
10	blog	article
11	blog	category
12	landing	feature
13	landing	presentation
14	comments	diventicomment
15	products	chapter
16	products	characteristic
17	products	imagepreview
18	products	product
19	django_comments	comment
20	django_comments	commentflag
21	accounts	diventicover
22	star_ratings	rating
23	star_ratings	userrating
\.


--
-- Data for Name: django_migrations; Type: TABLE DATA; Schema: public; Owner: flavio
--

COPY django_migrations (id, app, name, applied) FROM stdin;
1	contenttypes	0001_initial	2017-12-24 11:08:01.039876+01
2	contenttypes	0002_remove_content_type_name	2017-12-24 11:08:01.059144+01
3	auth	0001_initial	2017-12-24 11:08:01.127942+01
4	auth	0002_alter_permission_name_max_length	2017-12-24 11:08:01.141774+01
5	auth	0003_alter_user_email_max_length	2017-12-24 11:08:01.153349+01
6	auth	0004_alter_user_username_opts	2017-12-24 11:08:01.169171+01
7	auth	0005_alter_user_last_login_null	2017-12-24 11:08:01.182678+01
8	auth	0006_require_contenttypes_0002	2017-12-24 11:08:01.188415+01
9	auth	0007_alter_validators_add_error_messages	2017-12-24 11:08:01.204625+01
10	auth	0008_alter_user_username_max_length	2017-12-24 11:08:01.226199+01
11	accounts	0001_initial	2017-12-24 11:08:01.347337+01
12	admin	0001_initial	2017-12-24 11:08:01.39672+01
13	admin	0002_logentry_remove_auto_add	2017-12-24 11:08:01.419031+01
14	core	0001_initial	2017-12-24 11:08:01.434555+01
15	blog	0001_initial	2017-12-24 11:08:01.574198+01
16	sites	0001_initial	2017-12-24 11:08:01.593474+01
17	sites	0002_alter_domain_unique	2017-12-24 11:08:01.61776+01
18	comments	0001_initial	2017-12-24 11:08:01.699636+01
19	core	0002_auto_20171223_1906	2017-12-24 11:08:01.714705+01
20	django_comments	0001_initial	2017-12-24 11:08:01.873381+01
21	django_comments	0002_update_user_email_field_length	2017-12-24 11:08:01.919094+01
22	django_comments	0003_add_submit_date_index	2017-12-24 11:08:01.970649+01
23	landing	0001_initial	2017-12-24 11:08:02.027238+01
24	products	0001_initial	2017-12-24 11:08:02.301943+01
25	products	0002_auto_20171223_1902	2017-12-24 11:08:02.361479+01
26	products	0003_auto_20171223_1902	2017-12-24 11:08:02.417095+01
27	sessions	0001_initial	2017-12-24 11:08:02.444121+01
28	products	0004_auto_20171225_1708	2017-12-25 17:24:08.77475+01
29	accounts	0002_auto_20171226_1504	2017-12-26 15:33:50.112332+01
30	star_ratings	0001_initial	2017-12-29 11:35:47.171784+01
31	star_ratings	0002_auto_20160608_1119	2017-12-29 11:35:47.301259+01
32	star_ratings	0003_auto_20160721_1127	2017-12-29 11:35:47.367225+01
33	comments	0002_diventicomment_parent	2018-01-01 18:52:10.561509+01
34	comments	0003_auto_20180101_1915	2018-01-01 19:15:55.927905+01
35	comments	0004_auto_20180101_1915	2018-01-01 19:15:55.927905+01
36	comments	0005_auto_20180101_1916	2018-01-01 19:16:34.92969+01
37	comments	0006_diventicomment_points	2018-01-01 20:54:36.932409+01
38	comments	0007_remove_diventicomment_points	2018-01-01 21:10:50.166612+01
39	landing	0002_auto_20180103_1604	2018-01-03 16:04:39.960072+01
\.


--
-- Data for Name: django_session; Type: TABLE DATA; Schema: public; Owner: flavio
--

COPY django_session (session_key, session_data, expire_date) FROM stdin;
w797tzy5qftkbgnyjlc116poavy581ua	ZTc5OTgxYzg3YTZmZTFlOGNiYzY3ZTUxYjVjOTUxN2M3OGJhNWJiNDp7Il9hdXRoX3VzZXJfaWQiOiIxIiwiX2F1dGhfdXNlcl9iYWNrZW5kIjoiZGl2ZW50aS5hY2NvdW50cy5iYWNrZW5kcy5FbWFpbEJhY2tlbmQiLCJfYXV0aF91c2VyX2hhc2giOiI5YWVjYmM2N2JkNTg4MDQ2NzBlNzRlNTAwZGQ1MDY5NTgzMzQ3ZWNmIn0=	2018-01-07 10:52:19.067+01
3aniq664rrom9slg0g1v9fb2or3v7zj8	OWI4YjE2NTQxMjA0YjhiOGQzNTQ1MmE2ZDNlZmNjMmMyMjIzNjcwMjp7fQ==	2018-01-15 16:25:14.693323+01
jpaq5nw7y6ggqson4ivgria5kbwjyj6r	MDJiYWZjMzM2Y2FhNzI4MDI2YmQzMjIzMGEwMGU5YWE3M2JkOWVmZjp7Il9hdXRoX3VzZXJfaWQiOiIxIiwiX2F1dGhfdXNlcl9iYWNrZW5kIjoiZGl2ZW50aS5hY2NvdW50cy5iYWNrZW5kcy5FbWFpbEJhY2tlbmQiLCJfYXV0aF91c2VyX2hhc2giOiJmZDVkNjYwYzM2ZDVmMjgwMWMwY2YzNzdjZjgzODc2NzUxNjYxYTRjIn0=	2018-01-07 14:59:36.619536+01
04t9fecpmuteuc95wmgzas3rv62puk14	MDJiYWZjMzM2Y2FhNzI4MDI2YmQzMjIzMGEwMGU5YWE3M2JkOWVmZjp7Il9hdXRoX3VzZXJfaWQiOiIxIiwiX2F1dGhfdXNlcl9iYWNrZW5kIjoiZGl2ZW50aS5hY2NvdW50cy5iYWNrZW5kcy5FbWFpbEJhY2tlbmQiLCJfYXV0aF91c2VyX2hhc2giOiJmZDVkNjYwYzM2ZDVmMjgwMWMwY2YzNzdjZjgzODc2NzUxNjYxYTRjIn0=	2018-01-09 11:24:33.710934+01
cui1g5p6ekioq52jdd9nu5k5rnj6l7xy	OTQ0MTk3ZTdlOGRjZGM1NDI4OTY2Y2M0YjY0ZTAwNjQ4YzI5ZWNmNzp7ImluaXRpYWxfZW1haWwiOiJmbGF2aW9AZW1haWwuY29tIiwiaW5pdGlhbF9maXJzdF9uYW1lIjoiRmxhdmlvIiwiX2F1dGhfdXNlcl9pZCI6IjgiLCJfYXV0aF91c2VyX2JhY2tlbmQiOiJkaXZlbnRpLmFjY291bnRzLmJhY2tlbmRzLkVtYWlsQmFja2VuZCIsIl9hdXRoX3VzZXJfaGFzaCI6IjMzMzc2ZTkyYWU0YjI3ZTA0NTZlNTliODI3MmRhYjhmOGFhYTJiNGMifQ==	2018-01-10 00:17:11.659242+01
irw937czxqmzw0wauwec73sx5fpl2gm0	MDJiYWZjMzM2Y2FhNzI4MDI2YmQzMjIzMGEwMGU5YWE3M2JkOWVmZjp7Il9hdXRoX3VzZXJfaWQiOiIxIiwiX2F1dGhfdXNlcl9iYWNrZW5kIjoiZGl2ZW50aS5hY2NvdW50cy5iYWNrZW5kcy5FbWFpbEJhY2tlbmQiLCJfYXV0aF91c2VyX2hhc2giOiJmZDVkNjYwYzM2ZDVmMjgwMWMwY2YzNzdjZjgzODc2NzUxNjYxYTRjIn0=	2018-01-10 10:48:03.52921+01
a4nz4hnngnz2mt1sirj0au52xax0msmt	MDJiYWZjMzM2Y2FhNzI4MDI2YmQzMjIzMGEwMGU5YWE3M2JkOWVmZjp7Il9hdXRoX3VzZXJfaWQiOiIxIiwiX2F1dGhfdXNlcl9iYWNrZW5kIjoiZGl2ZW50aS5hY2NvdW50cy5iYWNrZW5kcy5FbWFpbEJhY2tlbmQiLCJfYXV0aF91c2VyX2hhc2giOiJmZDVkNjYwYzM2ZDVmMjgwMWMwY2YzNzdjZjgzODc2NzUxNjYxYTRjIn0=	2018-01-12 12:01:52.009063+01
zm4riwpq7s59gp3yz8rzdcif5zh7ziu2	MDJiYWZjMzM2Y2FhNzI4MDI2YmQzMjIzMGEwMGU5YWE3M2JkOWVmZjp7Il9hdXRoX3VzZXJfaWQiOiIxIiwiX2F1dGhfdXNlcl9iYWNrZW5kIjoiZGl2ZW50aS5hY2NvdW50cy5iYWNrZW5kcy5FbWFpbEJhY2tlbmQiLCJfYXV0aF91c2VyX2hhc2giOiJmZDVkNjYwYzM2ZDVmMjgwMWMwY2YzNzdjZjgzODc2NzUxNjYxYTRjIn0=	2018-01-12 16:47:09.549991+01
0aty2upwt8upux9dntqahgpbynwkti92	MDJiYWZjMzM2Y2FhNzI4MDI2YmQzMjIzMGEwMGU5YWE3M2JkOWVmZjp7Il9hdXRoX3VzZXJfaWQiOiIxIiwiX2F1dGhfdXNlcl9iYWNrZW5kIjoiZGl2ZW50aS5hY2NvdW50cy5iYWNrZW5kcy5FbWFpbEJhY2tlbmQiLCJfYXV0aF91c2VyX2hhc2giOiJmZDVkNjYwYzM2ZDVmMjgwMWMwY2YzNzdjZjgzODc2NzUxNjYxYTRjIn0=	2018-01-12 20:57:20.123255+01
lvr61q95jmq8po8qauqq4glecl6vs1pu	MDJiYWZjMzM2Y2FhNzI4MDI2YmQzMjIzMGEwMGU5YWE3M2JkOWVmZjp7Il9hdXRoX3VzZXJfaWQiOiIxIiwiX2F1dGhfdXNlcl9iYWNrZW5kIjoiZGl2ZW50aS5hY2NvdW50cy5iYWNrZW5kcy5FbWFpbEJhY2tlbmQiLCJfYXV0aF91c2VyX2hhc2giOiJmZDVkNjYwYzM2ZDVmMjgwMWMwY2YzNzdjZjgzODc2NzUxNjYxYTRjIn0=	2018-01-12 22:03:13.743344+01
2s726u6hd84yx7gnsxt8lle2w6g1v4id	ZTM3NmIwYjE4ODIzZmY1NTNlOGVkNjQxNjdiY2RlN2RjYzc4OGM2NTp7Il9hdXRoX3VzZXJfaWQiOiIxMCIsIl9hdXRoX3VzZXJfYmFja2VuZCI6ImRpdmVudGkuYWNjb3VudHMuYmFja2VuZHMuRW1haWxCYWNrZW5kIiwiX2F1dGhfdXNlcl9oYXNoIjoiYTgxZDk2MTlmNDFiZmNiZDIyZjhhMTg0NGUwZDJkZTRlNGIyMGRmNiJ9	2018-01-12 22:13:32.802775+01
j4batg0e5ye0c3j4mnqczsszi58bp9jv	NGJjYjViMTM5NjQzNmIyMTRjNDc4ZmQ4ZTJiNGI3OGRlOTFhZTFmZjp7Il9sYW5ndWFnZSI6Iml0IiwiX2F1dGhfdXNlcl9pZCI6IjEiLCJfYXV0aF91c2VyX2JhY2tlbmQiOiJkaXZlbnRpLmFjY291bnRzLmJhY2tlbmRzLkVtYWlsQmFja2VuZCIsIl9hdXRoX3VzZXJfaGFzaCI6IjlhZWNiYzY3YmQ1ODgwNDY3MGU3NGU1MDBkZDUwNjk1ODMzNDdlY2YifQ==	2018-01-17 13:15:36.797481+01
q5a4baqhptj3ffgauvrd5vp4oc9wd866	ZTc5OTgxYzg3YTZmZTFlOGNiYzY3ZTUxYjVjOTUxN2M3OGJhNWJiNDp7Il9hdXRoX3VzZXJfaWQiOiIxIiwiX2F1dGhfdXNlcl9iYWNrZW5kIjoiZGl2ZW50aS5hY2NvdW50cy5iYWNrZW5kcy5FbWFpbEJhY2tlbmQiLCJfYXV0aF91c2VyX2hhc2giOiI5YWVjYmM2N2JkNTg4MDQ2NzBlNzRlNTAwZGQ1MDY5NTgzMzQ3ZWNmIn0=	2018-01-17 13:27:24.507314+01
qdskvsjsn3p5m5bxyzolzqn3pq4b4bb5	Nzg2ZmVhZWE5MzNiMDY1YWM4NGQ3YjUxNDNlMjc4MDc5ZDQ4NzM1NTp7Il9sYW5ndWFnZSI6Iml0In0=	2018-01-16 22:40:48.660428+01
cosjrtw3yhhv4ft4oicz12pk935gwj2x	Nzg2ZmVhZWE5MzNiMDY1YWM4NGQ3YjUxNDNlMjc4MDc5ZDQ4NzM1NTp7Il9sYW5ndWFnZSI6Iml0In0=	2018-01-16 22:41:55.10803+01
wp1dgrdq8tdm28se6jlrag3i9whnfucq	Nzg2ZmVhZWE5MzNiMDY1YWM4NGQ3YjUxNDNlMjc4MDc5ZDQ4NzM1NTp7Il9sYW5ndWFnZSI6Iml0In0=	2018-01-17 12:56:27.157149+01
\.


--
-- Data for Name: django_site; Type: TABLE DATA; Schema: public; Owner: flavio
--

COPY django_site (id, domain, name) FROM stdin;
1	example.com	example.com
\.


--
-- Data for Name: landing_feature; Type: TABLE DATA; Schema: public; Owner: flavio
--

COPY landing_feature (id, icon, title, description, color, profile_id) FROM stdin;
1	rocket	Striking locations	Diventi setting is filled with cool and mystic locations to inspire DMs crafting of their own adventures. We made sure to lay down locations that are both customizable and optional for your games.	warning	1
2	balance-scale	Suspended modernity	The bread and butter of Diventi is the continuous struggle between technology and magic. You are free to pick the concept to tell a story or to push deeper and integrate our ad hoc mechanics at your table.	warning	1
3	book	A narrative imprint	Every feature in the module includes a flavorful section that facilitates descriptions of a scene. It can be read out loud at your players, or be paraphrased depending on your own style of play.	warning	1
\.


--
-- Data for Name: landing_presentation; Type: TABLE DATA; Schema: public; Owner: flavio
--

COPY landing_presentation (id, title, abstract, description, cover, active, abstract_en, abstract_it, description_en, description_it, title_en, title_it) FROM stdin;
1	La tua avventura inizia con noi			landing/diventi-cover-4a.jpg	t					Your adventure starts with us	La tua avventura inizia con noi
\.


--
-- Data for Name: products_chapter; Type: TABLE DATA; Schema: public; Owner: flavio
--

COPY products_chapter (id, icon, title, description, color, image, label, product_id) FROM stdin;
\.


--
-- Data for Name: products_characteristic; Type: TABLE DATA; Schema: public; Owner: flavio
--

COPY products_characteristic (id, icon, title, description, color, product_id) FROM stdin;
2		Concise sections	It includes concise sections written with a plug & play style in mind	default	6
3		Tested adventures	We have personally play-tested every adventure	default	6
1		Written in latex	We've written in latex for an optimal layout and to get close to the official D&D material	default	6
\.


--
-- Data for Name: products_imagepreview; Type: TABLE DATA; Schema: public; Owner: flavio
--

COPY products_imagepreview (id, image, label, product_id) FROM stdin;
3	https://i.imgur.com/hnBRMEU.jpg	demo1	6
\.


--
-- Data for Name: products_product; Type: TABLE DATA; Schema: public; Owner: flavio
--

COPY products_product (publishablemodel_ptr_id, created, modified, title, description, slug, featured, cover, file) FROM stdin;
6	2017-12-23 19:06:19.752+01	2018-01-02 22:02:55.96126+01	Our best role playing seeds from 2017	The following are incipits of role playing adventures\r\nthat are meant to be played in a three session long\r\ncampaign and each one is developed around a specific\r\nscenario. The role playing system used is D&D 5e.	lost-files	t	products/covers/idee-2017.jpg	products/files/idee2017.pdf
\.


--
-- Data for Name: products_product_authors; Type: TABLE DATA; Schema: public; Owner: flavio
--

COPY products_product_authors (id, product_id, diventiuser_id) FROM stdin;
1	6	1
2	6	6
3	6	7
\.


--
-- Data for Name: products_product_buyers; Type: TABLE DATA; Schema: public; Owner: flavio
--

COPY products_product_buyers (id, product_id, diventiuser_id) FROM stdin;
18	6	9
23	6	8
24	6	1
\.


--
-- Data for Name: star_ratings_rating; Type: TABLE DATA; Schema: public; Owner: flavio
--

COPY star_ratings_rating (id, count, total, average, object_id, content_type_id) FROM stdin;
1	1	5	5.000	6	18
\.


--
-- Data for Name: star_ratings_userrating; Type: TABLE DATA; Schema: public; Owner: flavio
--

COPY star_ratings_userrating (id, created, modified, ip, score, rating_id, user_id) FROM stdin;
1	2017-12-29 11:40:28.511057+01	2017-12-29 23:00:06.351894+01	10.98.41.209	5	1	1
\.


--
-- Name: accounts_diventiavatar_id_seq; Type: SEQUENCE SET; Schema: public; Owner: flavio
--

SELECT pg_catalog.setval('accounts_diventiavatar_id_seq', 10, true);


--
-- Name: accounts_diventicover_id_seq; Type: SEQUENCE SET; Schema: public; Owner: flavio
--

SELECT pg_catalog.setval('accounts_diventicover_id_seq', 5, true);


--
-- Name: accounts_diventiuser_groups_id_seq; Type: SEQUENCE SET; Schema: public; Owner: flavio
--

SELECT pg_catalog.setval('accounts_diventiuser_groups_id_seq', 1, false);


--
-- Name: accounts_diventiuser_id_seq; Type: SEQUENCE SET; Schema: public; Owner: flavio
--

SELECT pg_catalog.setval('accounts_diventiuser_id_seq', 10, true);


--
-- Name: accounts_diventiuser_user_permissions_id_seq; Type: SEQUENCE SET; Schema: public; Owner: flavio
--

SELECT pg_catalog.setval('accounts_diventiuser_user_permissions_id_seq', 1, false);


--
-- Name: auth_group_id_seq; Type: SEQUENCE SET; Schema: public; Owner: flavio
--

SELECT pg_catalog.setval('auth_group_id_seq', 1, false);


--
-- Name: auth_group_permissions_id_seq; Type: SEQUENCE SET; Schema: public; Owner: flavio
--

SELECT pg_catalog.setval('auth_group_permissions_id_seq', 1, false);


--
-- Name: auth_permission_id_seq; Type: SEQUENCE SET; Schema: public; Owner: flavio
--

SELECT pg_catalog.setval('auth_permission_id_seq', 71, true);


--
-- Name: blog_article_promotions_id_seq; Type: SEQUENCE SET; Schema: public; Owner: flavio
--

SELECT pg_catalog.setval('blog_article_promotions_id_seq', 10, true);


--
-- Name: blog_category_id_seq; Type: SEQUENCE SET; Schema: public; Owner: flavio
--

SELECT pg_catalog.setval('blog_category_id_seq', 2, true);


--
-- Name: comments_diventicomment_id_seq; Type: SEQUENCE SET; Schema: public; Owner: flavio
--

SELECT pg_catalog.setval('comments_diventicomment_id_seq', 31, true);


--
-- Name: comments_diventicomment_promotions_id_seq; Type: SEQUENCE SET; Schema: public; Owner: flavio
--

SELECT pg_catalog.setval('comments_diventicomment_promotions_id_seq', 31, true);


--
-- Name: core_publishablemodel_id_seq; Type: SEQUENCE SET; Schema: public; Owner: flavio
--

SELECT pg_catalog.setval('core_publishablemodel_id_seq', 7, true);


--
-- Name: django_admin_log_id_seq; Type: SEQUENCE SET; Schema: public; Owner: flavio
--

SELECT pg_catalog.setval('django_admin_log_id_seq', 96, true);


--
-- Name: django_comment_flags_id_seq; Type: SEQUENCE SET; Schema: public; Owner: flavio
--

SELECT pg_catalog.setval('django_comment_flags_id_seq', 1, false);


--
-- Name: django_comments_id_seq; Type: SEQUENCE SET; Schema: public; Owner: flavio
--

SELECT pg_catalog.setval('django_comments_id_seq', 1, false);


--
-- Name: django_content_type_id_seq; Type: SEQUENCE SET; Schema: public; Owner: flavio
--

SELECT pg_catalog.setval('django_content_type_id_seq', 23, true);


--
-- Name: django_migrations_id_seq; Type: SEQUENCE SET; Schema: public; Owner: flavio
--

SELECT pg_catalog.setval('django_migrations_id_seq', 39, true);


--
-- Name: django_site_id_seq; Type: SEQUENCE SET; Schema: public; Owner: flavio
--

SELECT pg_catalog.setval('django_site_id_seq', 1, true);


--
-- Name: landing_feature_id_seq; Type: SEQUENCE SET; Schema: public; Owner: flavio
--

SELECT pg_catalog.setval('landing_feature_id_seq', 3, true);


--
-- Name: landing_presentation_id_seq; Type: SEQUENCE SET; Schema: public; Owner: flavio
--

SELECT pg_catalog.setval('landing_presentation_id_seq', 1, true);


--
-- Name: products_chapter_id_seq; Type: SEQUENCE SET; Schema: public; Owner: flavio
--

SELECT pg_catalog.setval('products_chapter_id_seq', 1, false);


--
-- Name: products_characteristic_id_seq; Type: SEQUENCE SET; Schema: public; Owner: flavio
--

SELECT pg_catalog.setval('products_characteristic_id_seq', 3, true);


--
-- Name: products_imagepreview_id_seq; Type: SEQUENCE SET; Schema: public; Owner: flavio
--

SELECT pg_catalog.setval('products_imagepreview_id_seq', 3, true);


--
-- Name: products_product_authors_id_seq; Type: SEQUENCE SET; Schema: public; Owner: flavio
--

SELECT pg_catalog.setval('products_product_authors_id_seq', 3, true);


--
-- Name: products_product_buyers_id_seq; Type: SEQUENCE SET; Schema: public; Owner: flavio
--

SELECT pg_catalog.setval('products_product_buyers_id_seq', 24, true);


--
-- Name: star_ratings_rating_id_seq; Type: SEQUENCE SET; Schema: public; Owner: flavio
--

SELECT pg_catalog.setval('star_ratings_rating_id_seq', 1, true);


--
-- Name: star_ratings_userrating_id_seq; Type: SEQUENCE SET; Schema: public; Owner: flavio
--

SELECT pg_catalog.setval('star_ratings_userrating_id_seq', 1, true);


--
-- Name: accounts_diventiavatar accounts_diventiavatar_pkey; Type: CONSTRAINT; Schema: public; Owner: flavio
--

ALTER TABLE ONLY accounts_diventiavatar
    ADD CONSTRAINT accounts_diventiavatar_pkey PRIMARY KEY (id);


--
-- Name: accounts_diventicover accounts_diventicover_pkey; Type: CONSTRAINT; Schema: public; Owner: flavio
--

ALTER TABLE ONLY accounts_diventicover
    ADD CONSTRAINT accounts_diventicover_pkey PRIMARY KEY (id);


--
-- Name: accounts_diventiuser accounts_diventiuser_email_key; Type: CONSTRAINT; Schema: public; Owner: flavio
--

ALTER TABLE ONLY accounts_diventiuser
    ADD CONSTRAINT accounts_diventiuser_email_key UNIQUE (email);


--
-- Name: accounts_diventiuser_groups accounts_diventiuser_gro_diventiuser_id_group_id_cd4d0b39_uniq; Type: CONSTRAINT; Schema: public; Owner: flavio
--

ALTER TABLE ONLY accounts_diventiuser_groups
    ADD CONSTRAINT accounts_diventiuser_gro_diventiuser_id_group_id_cd4d0b39_uniq UNIQUE (diventiuser_id, group_id);


--
-- Name: accounts_diventiuser_groups accounts_diventiuser_groups_pkey; Type: CONSTRAINT; Schema: public; Owner: flavio
--

ALTER TABLE ONLY accounts_diventiuser_groups
    ADD CONSTRAINT accounts_diventiuser_groups_pkey PRIMARY KEY (id);


--
-- Name: accounts_diventiuser accounts_diventiuser_pkey; Type: CONSTRAINT; Schema: public; Owner: flavio
--

ALTER TABLE ONLY accounts_diventiuser
    ADD CONSTRAINT accounts_diventiuser_pkey PRIMARY KEY (id);


--
-- Name: accounts_diventiuser_user_permissions accounts_diventiuser_use_diventiuser_id_permissio_41d08834_uniq; Type: CONSTRAINT; Schema: public; Owner: flavio
--

ALTER TABLE ONLY accounts_diventiuser_user_permissions
    ADD CONSTRAINT accounts_diventiuser_use_diventiuser_id_permissio_41d08834_uniq UNIQUE (diventiuser_id, permission_id);


--
-- Name: accounts_diventiuser_user_permissions accounts_diventiuser_user_permissions_pkey; Type: CONSTRAINT; Schema: public; Owner: flavio
--

ALTER TABLE ONLY accounts_diventiuser_user_permissions
    ADD CONSTRAINT accounts_diventiuser_user_permissions_pkey PRIMARY KEY (id);


--
-- Name: accounts_diventiuser accounts_diventiuser_username_key; Type: CONSTRAINT; Schema: public; Owner: flavio
--

ALTER TABLE ONLY accounts_diventiuser
    ADD CONSTRAINT accounts_diventiuser_username_key UNIQUE (username);


--
-- Name: auth_group auth_group_name_key; Type: CONSTRAINT; Schema: public; Owner: flavio
--

ALTER TABLE ONLY auth_group
    ADD CONSTRAINT auth_group_name_key UNIQUE (name);


--
-- Name: auth_group_permissions auth_group_permissions_group_id_permission_id_0cd325b0_uniq; Type: CONSTRAINT; Schema: public; Owner: flavio
--

ALTER TABLE ONLY auth_group_permissions
    ADD CONSTRAINT auth_group_permissions_group_id_permission_id_0cd325b0_uniq UNIQUE (group_id, permission_id);


--
-- Name: auth_group_permissions auth_group_permissions_pkey; Type: CONSTRAINT; Schema: public; Owner: flavio
--

ALTER TABLE ONLY auth_group_permissions
    ADD CONSTRAINT auth_group_permissions_pkey PRIMARY KEY (id);


--
-- Name: auth_group auth_group_pkey; Type: CONSTRAINT; Schema: public; Owner: flavio
--

ALTER TABLE ONLY auth_group
    ADD CONSTRAINT auth_group_pkey PRIMARY KEY (id);


--
-- Name: auth_permission auth_permission_content_type_id_codename_01ab375a_uniq; Type: CONSTRAINT; Schema: public; Owner: flavio
--

ALTER TABLE ONLY auth_permission
    ADD CONSTRAINT auth_permission_content_type_id_codename_01ab375a_uniq UNIQUE (content_type_id, codename);


--
-- Name: auth_permission auth_permission_pkey; Type: CONSTRAINT; Schema: public; Owner: flavio
--

ALTER TABLE ONLY auth_permission
    ADD CONSTRAINT auth_permission_pkey PRIMARY KEY (id);


--
-- Name: blog_article blog_article_pkey; Type: CONSTRAINT; Schema: public; Owner: flavio
--

ALTER TABLE ONLY blog_article
    ADD CONSTRAINT blog_article_pkey PRIMARY KEY (publishablemodel_ptr_id);


--
-- Name: blog_article_promotions blog_article_promotions_article_id_diventiuser_id_54f2b835_uniq; Type: CONSTRAINT; Schema: public; Owner: flavio
--

ALTER TABLE ONLY blog_article_promotions
    ADD CONSTRAINT blog_article_promotions_article_id_diventiuser_id_54f2b835_uniq UNIQUE (article_id, diventiuser_id);


--
-- Name: blog_article_promotions blog_article_promotions_pkey; Type: CONSTRAINT; Schema: public; Owner: flavio
--

ALTER TABLE ONLY blog_article_promotions
    ADD CONSTRAINT blog_article_promotions_pkey PRIMARY KEY (id);


--
-- Name: blog_article blog_article_slug_key; Type: CONSTRAINT; Schema: public; Owner: flavio
--

ALTER TABLE ONLY blog_article
    ADD CONSTRAINT blog_article_slug_key UNIQUE (slug);


--
-- Name: blog_category blog_category_pkey; Type: CONSTRAINT; Schema: public; Owner: flavio
--

ALTER TABLE ONLY blog_category
    ADD CONSTRAINT blog_category_pkey PRIMARY KEY (id);


--
-- Name: blog_category blog_category_title_key; Type: CONSTRAINT; Schema: public; Owner: flavio
--

ALTER TABLE ONLY blog_category
    ADD CONSTRAINT blog_category_title_key UNIQUE (title);


--
-- Name: comments_diventicomment_promotions comments_diventicomment__diventicomment_id_divent_3759a3bc_uniq; Type: CONSTRAINT; Schema: public; Owner: flavio
--

ALTER TABLE ONLY comments_diventicomment_promotions
    ADD CONSTRAINT comments_diventicomment__diventicomment_id_divent_3759a3bc_uniq UNIQUE (diventicomment_id, diventiuser_id);


--
-- Name: comments_diventicomment comments_diventicomment_pkey; Type: CONSTRAINT; Schema: public; Owner: flavio
--

ALTER TABLE ONLY comments_diventicomment
    ADD CONSTRAINT comments_diventicomment_pkey PRIMARY KEY (id);


--
-- Name: comments_diventicomment_promotions comments_diventicomment_promotions_pkey; Type: CONSTRAINT; Schema: public; Owner: flavio
--

ALTER TABLE ONLY comments_diventicomment_promotions
    ADD CONSTRAINT comments_diventicomment_promotions_pkey PRIMARY KEY (id);


--
-- Name: core_publishablemodel core_publishablemodel_pkey; Type: CONSTRAINT; Schema: public; Owner: flavio
--

ALTER TABLE ONLY core_publishablemodel
    ADD CONSTRAINT core_publishablemodel_pkey PRIMARY KEY (id);


--
-- Name: django_admin_log django_admin_log_pkey; Type: CONSTRAINT; Schema: public; Owner: flavio
--

ALTER TABLE ONLY django_admin_log
    ADD CONSTRAINT django_admin_log_pkey PRIMARY KEY (id);


--
-- Name: django_comment_flags django_comment_flags_pkey; Type: CONSTRAINT; Schema: public; Owner: flavio
--

ALTER TABLE ONLY django_comment_flags
    ADD CONSTRAINT django_comment_flags_pkey PRIMARY KEY (id);


--
-- Name: django_comment_flags django_comment_flags_user_id_comment_id_flag_537f77a7_uniq; Type: CONSTRAINT; Schema: public; Owner: flavio
--

ALTER TABLE ONLY django_comment_flags
    ADD CONSTRAINT django_comment_flags_user_id_comment_id_flag_537f77a7_uniq UNIQUE (user_id, comment_id, flag);


--
-- Name: django_comments django_comments_pkey; Type: CONSTRAINT; Schema: public; Owner: flavio
--

ALTER TABLE ONLY django_comments
    ADD CONSTRAINT django_comments_pkey PRIMARY KEY (id);


--
-- Name: django_content_type django_content_type_app_label_model_76bd3d3b_uniq; Type: CONSTRAINT; Schema: public; Owner: flavio
--

ALTER TABLE ONLY django_content_type
    ADD CONSTRAINT django_content_type_app_label_model_76bd3d3b_uniq UNIQUE (app_label, model);


--
-- Name: django_content_type django_content_type_pkey; Type: CONSTRAINT; Schema: public; Owner: flavio
--

ALTER TABLE ONLY django_content_type
    ADD CONSTRAINT django_content_type_pkey PRIMARY KEY (id);


--
-- Name: django_migrations django_migrations_pkey; Type: CONSTRAINT; Schema: public; Owner: flavio
--

ALTER TABLE ONLY django_migrations
    ADD CONSTRAINT django_migrations_pkey PRIMARY KEY (id);


--
-- Name: django_session django_session_pkey; Type: CONSTRAINT; Schema: public; Owner: flavio
--

ALTER TABLE ONLY django_session
    ADD CONSTRAINT django_session_pkey PRIMARY KEY (session_key);


--
-- Name: django_site django_site_domain_a2e37b91_uniq; Type: CONSTRAINT; Schema: public; Owner: flavio
--

ALTER TABLE ONLY django_site
    ADD CONSTRAINT django_site_domain_a2e37b91_uniq UNIQUE (domain);


--
-- Name: django_site django_site_pkey; Type: CONSTRAINT; Schema: public; Owner: flavio
--

ALTER TABLE ONLY django_site
    ADD CONSTRAINT django_site_pkey PRIMARY KEY (id);


--
-- Name: landing_feature landing_feature_pkey; Type: CONSTRAINT; Schema: public; Owner: flavio
--

ALTER TABLE ONLY landing_feature
    ADD CONSTRAINT landing_feature_pkey PRIMARY KEY (id);


--
-- Name: landing_presentation landing_presentation_pkey; Type: CONSTRAINT; Schema: public; Owner: flavio
--

ALTER TABLE ONLY landing_presentation
    ADD CONSTRAINT landing_presentation_pkey PRIMARY KEY (id);


--
-- Name: products_chapter products_chapter_pkey; Type: CONSTRAINT; Schema: public; Owner: flavio
--

ALTER TABLE ONLY products_chapter
    ADD CONSTRAINT products_chapter_pkey PRIMARY KEY (id);


--
-- Name: products_characteristic products_characteristic_pkey; Type: CONSTRAINT; Schema: public; Owner: flavio
--

ALTER TABLE ONLY products_characteristic
    ADD CONSTRAINT products_characteristic_pkey PRIMARY KEY (id);


--
-- Name: products_imagepreview products_imagepreview_pkey; Type: CONSTRAINT; Schema: public; Owner: flavio
--

ALTER TABLE ONLY products_imagepreview
    ADD CONSTRAINT products_imagepreview_pkey PRIMARY KEY (id);


--
-- Name: products_product_authors products_product_authors_pkey; Type: CONSTRAINT; Schema: public; Owner: flavio
--

ALTER TABLE ONLY products_product_authors
    ADD CONSTRAINT products_product_authors_pkey PRIMARY KEY (id);


--
-- Name: products_product_authors products_product_authors_product_id_diventiuser_i_6a9a291a_uniq; Type: CONSTRAINT; Schema: public; Owner: flavio
--

ALTER TABLE ONLY products_product_authors
    ADD CONSTRAINT products_product_authors_product_id_diventiuser_i_6a9a291a_uniq UNIQUE (product_id, diventiuser_id);


--
-- Name: products_product_buyers products_product_buyers_pkey; Type: CONSTRAINT; Schema: public; Owner: flavio
--

ALTER TABLE ONLY products_product_buyers
    ADD CONSTRAINT products_product_buyers_pkey PRIMARY KEY (id);


--
-- Name: products_product_buyers products_product_buyers_product_id_diventiuser_id_fe17778e_uniq; Type: CONSTRAINT; Schema: public; Owner: flavio
--

ALTER TABLE ONLY products_product_buyers
    ADD CONSTRAINT products_product_buyers_product_id_diventiuser_id_fe17778e_uniq UNIQUE (product_id, diventiuser_id);


--
-- Name: products_product products_product_pkey; Type: CONSTRAINT; Schema: public; Owner: flavio
--

ALTER TABLE ONLY products_product
    ADD CONSTRAINT products_product_pkey PRIMARY KEY (publishablemodel_ptr_id);


--
-- Name: products_product products_product_slug_key; Type: CONSTRAINT; Schema: public; Owner: flavio
--

ALTER TABLE ONLY products_product
    ADD CONSTRAINT products_product_slug_key UNIQUE (slug);


--
-- Name: star_ratings_rating star_ratings_rating_content_type_id_object_id_f170c88b_uniq; Type: CONSTRAINT; Schema: public; Owner: flavio
--

ALTER TABLE ONLY star_ratings_rating
    ADD CONSTRAINT star_ratings_rating_content_type_id_object_id_f170c88b_uniq UNIQUE (content_type_id, object_id);


--
-- Name: star_ratings_rating star_ratings_rating_pkey; Type: CONSTRAINT; Schema: public; Owner: flavio
--

ALTER TABLE ONLY star_ratings_rating
    ADD CONSTRAINT star_ratings_rating_pkey PRIMARY KEY (id);


--
-- Name: star_ratings_userrating star_ratings_userrating_pkey; Type: CONSTRAINT; Schema: public; Owner: flavio
--

ALTER TABLE ONLY star_ratings_userrating
    ADD CONSTRAINT star_ratings_userrating_pkey PRIMARY KEY (id);


--
-- Name: star_ratings_userrating star_ratings_userrating_user_id_rating_id_25ba0a69_uniq; Type: CONSTRAINT; Schema: public; Owner: flavio
--

ALTER TABLE ONLY star_ratings_userrating
    ADD CONSTRAINT star_ratings_userrating_user_id_rating_id_25ba0a69_uniq UNIQUE (user_id, rating_id);


--
-- Name: accounts_diventiuser_avatar_id_76e66304; Type: INDEX; Schema: public; Owner: flavio
--

CREATE INDEX accounts_diventiuser_avatar_id_76e66304 ON accounts_diventiuser USING btree (avatar_id);


--
-- Name: accounts_diventiuser_cover_id_88723e97; Type: INDEX; Schema: public; Owner: flavio
--

CREATE INDEX accounts_diventiuser_cover_id_88723e97 ON accounts_diventiuser USING btree (cover_id);


--
-- Name: accounts_diventiuser_email_3d215d2c_like; Type: INDEX; Schema: public; Owner: flavio
--

CREATE INDEX accounts_diventiuser_email_3d215d2c_like ON accounts_diventiuser USING btree (email varchar_pattern_ops);


--
-- Name: accounts_diventiuser_groups_diventiuser_id_a1496620; Type: INDEX; Schema: public; Owner: flavio
--

CREATE INDEX accounts_diventiuser_groups_diventiuser_id_a1496620 ON accounts_diventiuser_groups USING btree (diventiuser_id);


--
-- Name: accounts_diventiuser_groups_group_id_78cbf39b; Type: INDEX; Schema: public; Owner: flavio
--

CREATE INDEX accounts_diventiuser_groups_group_id_78cbf39b ON accounts_diventiuser_groups USING btree (group_id);


--
-- Name: accounts_diventiuser_user_permissions_diventiuser_id_01459704; Type: INDEX; Schema: public; Owner: flavio
--

CREATE INDEX accounts_diventiuser_user_permissions_diventiuser_id_01459704 ON accounts_diventiuser_user_permissions USING btree (diventiuser_id);


--
-- Name: accounts_diventiuser_user_permissions_permission_id_a2c48f28; Type: INDEX; Schema: public; Owner: flavio
--

CREATE INDEX accounts_diventiuser_user_permissions_permission_id_a2c48f28 ON accounts_diventiuser_user_permissions USING btree (permission_id);


--
-- Name: accounts_diventiuser_username_65168cff_like; Type: INDEX; Schema: public; Owner: flavio
--

CREATE INDEX accounts_diventiuser_username_65168cff_like ON accounts_diventiuser USING btree (username varchar_pattern_ops);


--
-- Name: auth_group_name_a6ea08ec_like; Type: INDEX; Schema: public; Owner: flavio
--

CREATE INDEX auth_group_name_a6ea08ec_like ON auth_group USING btree (name varchar_pattern_ops);


--
-- Name: auth_group_permissions_group_id_b120cbf9; Type: INDEX; Schema: public; Owner: flavio
--

CREATE INDEX auth_group_permissions_group_id_b120cbf9 ON auth_group_permissions USING btree (group_id);


--
-- Name: auth_group_permissions_permission_id_84c5c92e; Type: INDEX; Schema: public; Owner: flavio
--

CREATE INDEX auth_group_permissions_permission_id_84c5c92e ON auth_group_permissions USING btree (permission_id);


--
-- Name: auth_permission_content_type_id_2f476e4b; Type: INDEX; Schema: public; Owner: flavio
--

CREATE INDEX auth_permission_content_type_id_2f476e4b ON auth_permission USING btree (content_type_id);


--
-- Name: blog_article_author_id_905add38; Type: INDEX; Schema: public; Owner: flavio
--

CREATE INDEX blog_article_author_id_905add38 ON blog_article USING btree (author_id);


--
-- Name: blog_article_category_id_7e38f15e; Type: INDEX; Schema: public; Owner: flavio
--

CREATE INDEX blog_article_category_id_7e38f15e ON blog_article USING btree (category_id);


--
-- Name: blog_article_promotions_article_id_baa632eb; Type: INDEX; Schema: public; Owner: flavio
--

CREATE INDEX blog_article_promotions_article_id_baa632eb ON blog_article_promotions USING btree (article_id);


--
-- Name: blog_article_promotions_diventiuser_id_9972821e; Type: INDEX; Schema: public; Owner: flavio
--

CREATE INDEX blog_article_promotions_diventiuser_id_9972821e ON blog_article_promotions USING btree (diventiuser_id);


--
-- Name: blog_article_slug_c3fca16d_like; Type: INDEX; Schema: public; Owner: flavio
--

CREATE INDEX blog_article_slug_c3fca16d_like ON blog_article USING btree (slug varchar_pattern_ops);


--
-- Name: blog_category_title_b9fd2f90_like; Type: INDEX; Schema: public; Owner: flavio
--

CREATE INDEX blog_category_title_b9fd2f90_like ON blog_category USING btree (title varchar_pattern_ops);


--
-- Name: comments_diventicomment_content_type_id_e47a34ee; Type: INDEX; Schema: public; Owner: flavio
--

CREATE INDEX comments_diventicomment_content_type_id_e47a34ee ON comments_diventicomment USING btree (content_type_id);


--
-- Name: comments_diventicomment_level_71890dc5; Type: INDEX; Schema: public; Owner: flavio
--

CREATE INDEX comments_diventicomment_level_71890dc5 ON comments_diventicomment USING btree (level);


--
-- Name: comments_diventicomment_lft_6039f50a; Type: INDEX; Schema: public; Owner: flavio
--

CREATE INDEX comments_diventicomment_lft_6039f50a ON comments_diventicomment USING btree (lft);


--
-- Name: comments_diventicomment_parent_id_11b7f122; Type: INDEX; Schema: public; Owner: flavio
--

CREATE INDEX comments_diventicomment_parent_id_11b7f122 ON comments_diventicomment USING btree (parent_id);


--
-- Name: comments_diventicomment_promotions_diventicomment_id_354c7b6e; Type: INDEX; Schema: public; Owner: flavio
--

CREATE INDEX comments_diventicomment_promotions_diventicomment_id_354c7b6e ON comments_diventicomment_promotions USING btree (diventicomment_id);


--
-- Name: comments_diventicomment_promotions_diventiuser_id_5f240cea; Type: INDEX; Schema: public; Owner: flavio
--

CREATE INDEX comments_diventicomment_promotions_diventiuser_id_5f240cea ON comments_diventicomment_promotions USING btree (diventiuser_id);


--
-- Name: comments_diventicomment_rght_1244ec27; Type: INDEX; Schema: public; Owner: flavio
--

CREATE INDEX comments_diventicomment_rght_1244ec27 ON comments_diventicomment USING btree (rght);


--
-- Name: comments_diventicomment_site_id_388437ea; Type: INDEX; Schema: public; Owner: flavio
--

CREATE INDEX comments_diventicomment_site_id_388437ea ON comments_diventicomment USING btree (site_id);


--
-- Name: comments_diventicomment_submit_date_95ccc5d1; Type: INDEX; Schema: public; Owner: flavio
--

CREATE INDEX comments_diventicomment_submit_date_95ccc5d1 ON comments_diventicomment USING btree (submit_date);


--
-- Name: comments_diventicomment_tree_id_ea208129; Type: INDEX; Schema: public; Owner: flavio
--

CREATE INDEX comments_diventicomment_tree_id_ea208129 ON comments_diventicomment USING btree (tree_id);


--
-- Name: comments_diventicomment_user_id_53a7b9d8; Type: INDEX; Schema: public; Owner: flavio
--

CREATE INDEX comments_diventicomment_user_id_53a7b9d8 ON comments_diventicomment USING btree (user_id);


--
-- Name: django_admin_log_content_type_id_c4bce8eb; Type: INDEX; Schema: public; Owner: flavio
--

CREATE INDEX django_admin_log_content_type_id_c4bce8eb ON django_admin_log USING btree (content_type_id);


--
-- Name: django_admin_log_user_id_c564eba6; Type: INDEX; Schema: public; Owner: flavio
--

CREATE INDEX django_admin_log_user_id_c564eba6 ON django_admin_log USING btree (user_id);


--
-- Name: django_comment_flags_comment_id_d8054933; Type: INDEX; Schema: public; Owner: flavio
--

CREATE INDEX django_comment_flags_comment_id_d8054933 ON django_comment_flags USING btree (comment_id);


--
-- Name: django_comment_flags_flag_8b141fcb; Type: INDEX; Schema: public; Owner: flavio
--

CREATE INDEX django_comment_flags_flag_8b141fcb ON django_comment_flags USING btree (flag);


--
-- Name: django_comment_flags_flag_8b141fcb_like; Type: INDEX; Schema: public; Owner: flavio
--

CREATE INDEX django_comment_flags_flag_8b141fcb_like ON django_comment_flags USING btree (flag varchar_pattern_ops);


--
-- Name: django_comment_flags_user_id_f3f81f0a; Type: INDEX; Schema: public; Owner: flavio
--

CREATE INDEX django_comment_flags_user_id_f3f81f0a ON django_comment_flags USING btree (user_id);


--
-- Name: django_comments_content_type_id_c4afe962; Type: INDEX; Schema: public; Owner: flavio
--

CREATE INDEX django_comments_content_type_id_c4afe962 ON django_comments USING btree (content_type_id);


--
-- Name: django_comments_site_id_9dcf666e; Type: INDEX; Schema: public; Owner: flavio
--

CREATE INDEX django_comments_site_id_9dcf666e ON django_comments USING btree (site_id);


--
-- Name: django_comments_submit_date_514ed2d9; Type: INDEX; Schema: public; Owner: flavio
--

CREATE INDEX django_comments_submit_date_514ed2d9 ON django_comments USING btree (submit_date);


--
-- Name: django_comments_user_id_a0a440a1; Type: INDEX; Schema: public; Owner: flavio
--

CREATE INDEX django_comments_user_id_a0a440a1 ON django_comments USING btree (user_id);


--
-- Name: django_session_expire_date_a5c62663; Type: INDEX; Schema: public; Owner: flavio
--

CREATE INDEX django_session_expire_date_a5c62663 ON django_session USING btree (expire_date);


--
-- Name: django_session_session_key_c0390e0f_like; Type: INDEX; Schema: public; Owner: flavio
--

CREATE INDEX django_session_session_key_c0390e0f_like ON django_session USING btree (session_key varchar_pattern_ops);


--
-- Name: django_site_domain_a2e37b91_like; Type: INDEX; Schema: public; Owner: flavio
--

CREATE INDEX django_site_domain_a2e37b91_like ON django_site USING btree (domain varchar_pattern_ops);


--
-- Name: landing_feature_profile_id_21dd8d39; Type: INDEX; Schema: public; Owner: flavio
--

CREATE INDEX landing_feature_profile_id_21dd8d39 ON landing_feature USING btree (profile_id);


--
-- Name: products_chapter_product_id_a1a8f824; Type: INDEX; Schema: public; Owner: flavio
--

CREATE INDEX products_chapter_product_id_a1a8f824 ON products_chapter USING btree (product_id);


--
-- Name: products_characteristic_product_id_68028251; Type: INDEX; Schema: public; Owner: flavio
--

CREATE INDEX products_characteristic_product_id_68028251 ON products_characteristic USING btree (product_id);


--
-- Name: products_imagepreview_product_id_8083d570; Type: INDEX; Schema: public; Owner: flavio
--

CREATE INDEX products_imagepreview_product_id_8083d570 ON products_imagepreview USING btree (product_id);


--
-- Name: products_product_authors_diventiuser_id_0373d62a; Type: INDEX; Schema: public; Owner: flavio
--

CREATE INDEX products_product_authors_diventiuser_id_0373d62a ON products_product_authors USING btree (diventiuser_id);


--
-- Name: products_product_authors_product_id_ea9f67b7; Type: INDEX; Schema: public; Owner: flavio
--

CREATE INDEX products_product_authors_product_id_ea9f67b7 ON products_product_authors USING btree (product_id);


--
-- Name: products_product_buyers_diventiuser_id_afcad4e7; Type: INDEX; Schema: public; Owner: flavio
--

CREATE INDEX products_product_buyers_diventiuser_id_afcad4e7 ON products_product_buyers USING btree (diventiuser_id);


--
-- Name: products_product_buyers_product_id_04ff8fb3; Type: INDEX; Schema: public; Owner: flavio
--

CREATE INDEX products_product_buyers_product_id_04ff8fb3 ON products_product_buyers USING btree (product_id);


--
-- Name: products_product_slug_70d3148d_like; Type: INDEX; Schema: public; Owner: flavio
--

CREATE INDEX products_product_slug_70d3148d_like ON products_product USING btree (slug varchar_pattern_ops);


--
-- Name: star_ratings_rating_content_type_id_176abacc; Type: INDEX; Schema: public; Owner: flavio
--

CREATE INDEX star_ratings_rating_content_type_id_176abacc ON star_ratings_rating USING btree (content_type_id);


--
-- Name: star_ratings_userrating_rating_id_e7ac9370; Type: INDEX; Schema: public; Owner: flavio
--

CREATE INDEX star_ratings_userrating_rating_id_e7ac9370 ON star_ratings_userrating USING btree (rating_id);


--
-- Name: star_ratings_userrating_user_id_33d5d349; Type: INDEX; Schema: public; Owner: flavio
--

CREATE INDEX star_ratings_userrating_user_id_33d5d349 ON star_ratings_userrating USING btree (user_id);


--
-- Name: accounts_diventiuser accounts_diventiuser_avatar_id_76e66304_fk_accounts_; Type: FK CONSTRAINT; Schema: public; Owner: flavio
--

ALTER TABLE ONLY accounts_diventiuser
    ADD CONSTRAINT accounts_diventiuser_avatar_id_76e66304_fk_accounts_ FOREIGN KEY (avatar_id) REFERENCES accounts_diventiavatar(id) DEFERRABLE INITIALLY DEFERRED;


--
-- Name: accounts_diventiuser accounts_diventiuser_cover_id_88723e97_fk_accounts_; Type: FK CONSTRAINT; Schema: public; Owner: flavio
--

ALTER TABLE ONLY accounts_diventiuser
    ADD CONSTRAINT accounts_diventiuser_cover_id_88723e97_fk_accounts_ FOREIGN KEY (cover_id) REFERENCES accounts_diventicover(id) DEFERRABLE INITIALLY DEFERRED;


--
-- Name: accounts_diventiuser_user_permissions accounts_diventiuser_diventiuser_id_01459704_fk_accounts_; Type: FK CONSTRAINT; Schema: public; Owner: flavio
--

ALTER TABLE ONLY accounts_diventiuser_user_permissions
    ADD CONSTRAINT accounts_diventiuser_diventiuser_id_01459704_fk_accounts_ FOREIGN KEY (diventiuser_id) REFERENCES accounts_diventiuser(id) DEFERRABLE INITIALLY DEFERRED;


--
-- Name: accounts_diventiuser_groups accounts_diventiuser_diventiuser_id_a1496620_fk_accounts_; Type: FK CONSTRAINT; Schema: public; Owner: flavio
--

ALTER TABLE ONLY accounts_diventiuser_groups
    ADD CONSTRAINT accounts_diventiuser_diventiuser_id_a1496620_fk_accounts_ FOREIGN KEY (diventiuser_id) REFERENCES accounts_diventiuser(id) DEFERRABLE INITIALLY DEFERRED;


--
-- Name: accounts_diventiuser_groups accounts_diventiuser_groups_group_id_78cbf39b_fk_auth_group_id; Type: FK CONSTRAINT; Schema: public; Owner: flavio
--

ALTER TABLE ONLY accounts_diventiuser_groups
    ADD CONSTRAINT accounts_diventiuser_groups_group_id_78cbf39b_fk_auth_group_id FOREIGN KEY (group_id) REFERENCES auth_group(id) DEFERRABLE INITIALLY DEFERRED;


--
-- Name: accounts_diventiuser_user_permissions accounts_diventiuser_permission_id_a2c48f28_fk_auth_perm; Type: FK CONSTRAINT; Schema: public; Owner: flavio
--

ALTER TABLE ONLY accounts_diventiuser_user_permissions
    ADD CONSTRAINT accounts_diventiuser_permission_id_a2c48f28_fk_auth_perm FOREIGN KEY (permission_id) REFERENCES auth_permission(id) DEFERRABLE INITIALLY DEFERRED;


--
-- Name: auth_group_permissions auth_group_permissio_permission_id_84c5c92e_fk_auth_perm; Type: FK CONSTRAINT; Schema: public; Owner: flavio
--

ALTER TABLE ONLY auth_group_permissions
    ADD CONSTRAINT auth_group_permissio_permission_id_84c5c92e_fk_auth_perm FOREIGN KEY (permission_id) REFERENCES auth_permission(id) DEFERRABLE INITIALLY DEFERRED;


--
-- Name: auth_group_permissions auth_group_permissions_group_id_b120cbf9_fk_auth_group_id; Type: FK CONSTRAINT; Schema: public; Owner: flavio
--

ALTER TABLE ONLY auth_group_permissions
    ADD CONSTRAINT auth_group_permissions_group_id_b120cbf9_fk_auth_group_id FOREIGN KEY (group_id) REFERENCES auth_group(id) DEFERRABLE INITIALLY DEFERRED;


--
-- Name: auth_permission auth_permission_content_type_id_2f476e4b_fk_django_co; Type: FK CONSTRAINT; Schema: public; Owner: flavio
--

ALTER TABLE ONLY auth_permission
    ADD CONSTRAINT auth_permission_content_type_id_2f476e4b_fk_django_co FOREIGN KEY (content_type_id) REFERENCES django_content_type(id) DEFERRABLE INITIALLY DEFERRED;


--
-- Name: blog_article blog_article_author_id_905add38_fk_accounts_diventiuser_id; Type: FK CONSTRAINT; Schema: public; Owner: flavio
--

ALTER TABLE ONLY blog_article
    ADD CONSTRAINT blog_article_author_id_905add38_fk_accounts_diventiuser_id FOREIGN KEY (author_id) REFERENCES accounts_diventiuser(id) DEFERRABLE INITIALLY DEFERRED;


--
-- Name: blog_article blog_article_category_id_7e38f15e_fk_blog_category_id; Type: FK CONSTRAINT; Schema: public; Owner: flavio
--

ALTER TABLE ONLY blog_article
    ADD CONSTRAINT blog_article_category_id_7e38f15e_fk_blog_category_id FOREIGN KEY (category_id) REFERENCES blog_category(id) DEFERRABLE INITIALLY DEFERRED;


--
-- Name: blog_article_promotions blog_article_promoti_article_id_baa632eb_fk_blog_arti; Type: FK CONSTRAINT; Schema: public; Owner: flavio
--

ALTER TABLE ONLY blog_article_promotions
    ADD CONSTRAINT blog_article_promoti_article_id_baa632eb_fk_blog_arti FOREIGN KEY (article_id) REFERENCES blog_article(publishablemodel_ptr_id) DEFERRABLE INITIALLY DEFERRED;


--
-- Name: blog_article_promotions blog_article_promoti_diventiuser_id_9972821e_fk_accounts_; Type: FK CONSTRAINT; Schema: public; Owner: flavio
--

ALTER TABLE ONLY blog_article_promotions
    ADD CONSTRAINT blog_article_promoti_diventiuser_id_9972821e_fk_accounts_ FOREIGN KEY (diventiuser_id) REFERENCES accounts_diventiuser(id) DEFERRABLE INITIALLY DEFERRED;


--
-- Name: blog_article blog_article_publishablemodel_ptr_90e07ca3_fk_core_publ; Type: FK CONSTRAINT; Schema: public; Owner: flavio
--

ALTER TABLE ONLY blog_article
    ADD CONSTRAINT blog_article_publishablemodel_ptr_90e07ca3_fk_core_publ FOREIGN KEY (publishablemodel_ptr_id) REFERENCES core_publishablemodel(id) DEFERRABLE INITIALLY DEFERRED;


--
-- Name: comments_diventicomment comments_diventicomm_content_type_id_e47a34ee_fk_django_co; Type: FK CONSTRAINT; Schema: public; Owner: flavio
--

ALTER TABLE ONLY comments_diventicomment
    ADD CONSTRAINT comments_diventicomm_content_type_id_e47a34ee_fk_django_co FOREIGN KEY (content_type_id) REFERENCES django_content_type(id) DEFERRABLE INITIALLY DEFERRED;


--
-- Name: comments_diventicomment_promotions comments_diventicomm_diventicomment_id_354c7b6e_fk_comments_; Type: FK CONSTRAINT; Schema: public; Owner: flavio
--

ALTER TABLE ONLY comments_diventicomment_promotions
    ADD CONSTRAINT comments_diventicomm_diventicomment_id_354c7b6e_fk_comments_ FOREIGN KEY (diventicomment_id) REFERENCES comments_diventicomment(id) DEFERRABLE INITIALLY DEFERRED;


--
-- Name: comments_diventicomment_promotions comments_diventicomm_diventiuser_id_5f240cea_fk_accounts_; Type: FK CONSTRAINT; Schema: public; Owner: flavio
--

ALTER TABLE ONLY comments_diventicomment_promotions
    ADD CONSTRAINT comments_diventicomm_diventiuser_id_5f240cea_fk_accounts_ FOREIGN KEY (diventiuser_id) REFERENCES accounts_diventiuser(id) DEFERRABLE INITIALLY DEFERRED;


--
-- Name: comments_diventicomment comments_diventicomm_parent_id_11b7f122_fk_comments_; Type: FK CONSTRAINT; Schema: public; Owner: flavio
--

ALTER TABLE ONLY comments_diventicomment
    ADD CONSTRAINT comments_diventicomm_parent_id_11b7f122_fk_comments_ FOREIGN KEY (parent_id) REFERENCES comments_diventicomment(id) DEFERRABLE INITIALLY DEFERRED;


--
-- Name: comments_diventicomment comments_diventicomm_user_id_53a7b9d8_fk_accounts_; Type: FK CONSTRAINT; Schema: public; Owner: flavio
--

ALTER TABLE ONLY comments_diventicomment
    ADD CONSTRAINT comments_diventicomm_user_id_53a7b9d8_fk_accounts_ FOREIGN KEY (user_id) REFERENCES accounts_diventiuser(id) DEFERRABLE INITIALLY DEFERRED;


--
-- Name: comments_diventicomment comments_diventicomment_site_id_388437ea_fk_django_site_id; Type: FK CONSTRAINT; Schema: public; Owner: flavio
--

ALTER TABLE ONLY comments_diventicomment
    ADD CONSTRAINT comments_diventicomment_site_id_388437ea_fk_django_site_id FOREIGN KEY (site_id) REFERENCES django_site(id) DEFERRABLE INITIALLY DEFERRED;


--
-- Name: django_admin_log django_admin_log_content_type_id_c4bce8eb_fk_django_co; Type: FK CONSTRAINT; Schema: public; Owner: flavio
--

ALTER TABLE ONLY django_admin_log
    ADD CONSTRAINT django_admin_log_content_type_id_c4bce8eb_fk_django_co FOREIGN KEY (content_type_id) REFERENCES django_content_type(id) DEFERRABLE INITIALLY DEFERRED;


--
-- Name: django_admin_log django_admin_log_user_id_c564eba6_fk_accounts_diventiuser_id; Type: FK CONSTRAINT; Schema: public; Owner: flavio
--

ALTER TABLE ONLY django_admin_log
    ADD CONSTRAINT django_admin_log_user_id_c564eba6_fk_accounts_diventiuser_id FOREIGN KEY (user_id) REFERENCES accounts_diventiuser(id) DEFERRABLE INITIALLY DEFERRED;


--
-- Name: django_comment_flags django_comment_flags_comment_id_d8054933_fk_django_comments_id; Type: FK CONSTRAINT; Schema: public; Owner: flavio
--

ALTER TABLE ONLY django_comment_flags
    ADD CONSTRAINT django_comment_flags_comment_id_d8054933_fk_django_comments_id FOREIGN KEY (comment_id) REFERENCES django_comments(id) DEFERRABLE INITIALLY DEFERRED;


--
-- Name: django_comment_flags django_comment_flags_user_id_f3f81f0a_fk_accounts_; Type: FK CONSTRAINT; Schema: public; Owner: flavio
--

ALTER TABLE ONLY django_comment_flags
    ADD CONSTRAINT django_comment_flags_user_id_f3f81f0a_fk_accounts_ FOREIGN KEY (user_id) REFERENCES accounts_diventiuser(id) DEFERRABLE INITIALLY DEFERRED;


--
-- Name: django_comments django_comments_content_type_id_c4afe962_fk_django_co; Type: FK CONSTRAINT; Schema: public; Owner: flavio
--

ALTER TABLE ONLY django_comments
    ADD CONSTRAINT django_comments_content_type_id_c4afe962_fk_django_co FOREIGN KEY (content_type_id) REFERENCES django_content_type(id) DEFERRABLE INITIALLY DEFERRED;


--
-- Name: django_comments django_comments_site_id_9dcf666e_fk_django_site_id; Type: FK CONSTRAINT; Schema: public; Owner: flavio
--

ALTER TABLE ONLY django_comments
    ADD CONSTRAINT django_comments_site_id_9dcf666e_fk_django_site_id FOREIGN KEY (site_id) REFERENCES django_site(id) DEFERRABLE INITIALLY DEFERRED;


--
-- Name: django_comments django_comments_user_id_a0a440a1_fk_accounts_diventiuser_id; Type: FK CONSTRAINT; Schema: public; Owner: flavio
--

ALTER TABLE ONLY django_comments
    ADD CONSTRAINT django_comments_user_id_a0a440a1_fk_accounts_diventiuser_id FOREIGN KEY (user_id) REFERENCES accounts_diventiuser(id) DEFERRABLE INITIALLY DEFERRED;


--
-- Name: landing_feature landing_feature_profile_id_21dd8d39_fk_landing_presentation_id; Type: FK CONSTRAINT; Schema: public; Owner: flavio
--

ALTER TABLE ONLY landing_feature
    ADD CONSTRAINT landing_feature_profile_id_21dd8d39_fk_landing_presentation_id FOREIGN KEY (profile_id) REFERENCES landing_presentation(id) DEFERRABLE INITIALLY DEFERRED;


--
-- Name: products_chapter products_chapter_product_id_a1a8f824_fk_products_; Type: FK CONSTRAINT; Schema: public; Owner: flavio
--

ALTER TABLE ONLY products_chapter
    ADD CONSTRAINT products_chapter_product_id_a1a8f824_fk_products_ FOREIGN KEY (product_id) REFERENCES products_product(publishablemodel_ptr_id) DEFERRABLE INITIALLY DEFERRED;


--
-- Name: products_characteristic products_characteris_product_id_68028251_fk_products_; Type: FK CONSTRAINT; Schema: public; Owner: flavio
--

ALTER TABLE ONLY products_characteristic
    ADD CONSTRAINT products_characteris_product_id_68028251_fk_products_ FOREIGN KEY (product_id) REFERENCES products_product(publishablemodel_ptr_id) DEFERRABLE INITIALLY DEFERRED;


--
-- Name: products_imagepreview products_imageprevie_product_id_8083d570_fk_products_; Type: FK CONSTRAINT; Schema: public; Owner: flavio
--

ALTER TABLE ONLY products_imagepreview
    ADD CONSTRAINT products_imageprevie_product_id_8083d570_fk_products_ FOREIGN KEY (product_id) REFERENCES products_product(publishablemodel_ptr_id) DEFERRABLE INITIALLY DEFERRED;


--
-- Name: products_product_authors products_product_aut_diventiuser_id_0373d62a_fk_accounts_; Type: FK CONSTRAINT; Schema: public; Owner: flavio
--

ALTER TABLE ONLY products_product_authors
    ADD CONSTRAINT products_product_aut_diventiuser_id_0373d62a_fk_accounts_ FOREIGN KEY (diventiuser_id) REFERENCES accounts_diventiuser(id) DEFERRABLE INITIALLY DEFERRED;


--
-- Name: products_product_authors products_product_aut_product_id_ea9f67b7_fk_products_; Type: FK CONSTRAINT; Schema: public; Owner: flavio
--

ALTER TABLE ONLY products_product_authors
    ADD CONSTRAINT products_product_aut_product_id_ea9f67b7_fk_products_ FOREIGN KEY (product_id) REFERENCES products_product(publishablemodel_ptr_id) DEFERRABLE INITIALLY DEFERRED;


--
-- Name: products_product_buyers products_product_buy_diventiuser_id_afcad4e7_fk_accounts_; Type: FK CONSTRAINT; Schema: public; Owner: flavio
--

ALTER TABLE ONLY products_product_buyers
    ADD CONSTRAINT products_product_buy_diventiuser_id_afcad4e7_fk_accounts_ FOREIGN KEY (diventiuser_id) REFERENCES accounts_diventiuser(id) DEFERRABLE INITIALLY DEFERRED;


--
-- Name: products_product_buyers products_product_buy_product_id_04ff8fb3_fk_products_; Type: FK CONSTRAINT; Schema: public; Owner: flavio
--

ALTER TABLE ONLY products_product_buyers
    ADD CONSTRAINT products_product_buy_product_id_04ff8fb3_fk_products_ FOREIGN KEY (product_id) REFERENCES products_product(publishablemodel_ptr_id) DEFERRABLE INITIALLY DEFERRED;


--
-- Name: products_product products_product_publishablemodel_ptr_b6ed4f6e_fk_core_publ; Type: FK CONSTRAINT; Schema: public; Owner: flavio
--

ALTER TABLE ONLY products_product
    ADD CONSTRAINT products_product_publishablemodel_ptr_b6ed4f6e_fk_core_publ FOREIGN KEY (publishablemodel_ptr_id) REFERENCES core_publishablemodel(id) DEFERRABLE INITIALLY DEFERRED;


--
-- Name: star_ratings_rating star_ratings_rating_content_type_id_176abacc_fk_django_co; Type: FK CONSTRAINT; Schema: public; Owner: flavio
--

ALTER TABLE ONLY star_ratings_rating
    ADD CONSTRAINT star_ratings_rating_content_type_id_176abacc_fk_django_co FOREIGN KEY (content_type_id) REFERENCES django_content_type(id) DEFERRABLE INITIALLY DEFERRED;


--
-- Name: star_ratings_userrating star_ratings_userrat_rating_id_e7ac9370_fk_star_rati; Type: FK CONSTRAINT; Schema: public; Owner: flavio
--

ALTER TABLE ONLY star_ratings_userrating
    ADD CONSTRAINT star_ratings_userrat_rating_id_e7ac9370_fk_star_rati FOREIGN KEY (rating_id) REFERENCES star_ratings_rating(id) DEFERRABLE INITIALLY DEFERRED;


--
-- Name: star_ratings_userrating star_ratings_userrat_user_id_33d5d349_fk_accounts_; Type: FK CONSTRAINT; Schema: public; Owner: flavio
--

ALTER TABLE ONLY star_ratings_userrating
    ADD CONSTRAINT star_ratings_userrat_user_id_33d5d349_fk_accounts_ FOREIGN KEY (user_id) REFERENCES accounts_diventiuser(id) DEFERRABLE INITIALLY DEFERRED;


--
-- PostgreSQL database dump complete
--

